route_id,direction_id,time_slot,sched_headway_min,sd_headway_min,n_departures,route_short_name,transport_type,n_vehicles,total_capacity,n_ctrl_points,peak
1_1,0,вечір/ніч,7.4186046511627906,4.288592610411146,43,1,трамвай,37,9620,4,FALSE
1_1,0,вечірній пік,5.411764705882353,1.3054117441431576,34,1,трамвай,37,9620,4,TRUE
1_1,0,день,7.033898305084745,3.1566356036621364,59,1,трамвай,37,9620,4,FALSE
1_1,0,ранковий пік,4.7894736842105265,1.5273700190079804,38,1,трамвай,37,9620,4,TRUE
1_1,1,вечір/ніч,9.833333333333334,3.459915388091683,24,1,трамвай,37,9620,4,FALSE
1_1,1,вечірній пік,6.285714285714286,1.940926522874003,28,1,трамвай,37,9620,4,TRUE
1_1,1,день,7.88888888888889,2.3039479379163343,54,1,трамвай,37,9620,4,FALSE
1_1,1,ранковий пік,5.8,0.924755326447544,30,1,трамвай,37,9620,4,TRUE
1_36,0,вечір/ніч,17.266666666666666,8.891943919451286,15,11,трамвай,21,3528,4,FALSE
1_36,0,вечірній пік,25.142857142857142,2.1157009420498154,7,11,трамвай,21,3528,4,TRUE
1_36,0,день,24.294117647058822,7.848285687670533,17,11,трамвай,21,3528,4,FALSE
1_36,0,ранковий пік,20.444444444444443,5.854722690083432,9,11,трамвай,21,3528,4,TRUE
1_36,1,вечір/ніч,25,3.22490309931942,6,11,трамвай,21,3528,4,FALSE
1_36,1,вечірній пік,25.142857142857142,2.115700942049815,7,11,трамвай,21,3528,4,TRUE
1_36,1,день,22.894736842105264,8.35925792056066,19,11,трамвай,21,3528,4,FALSE
1_36,1,ранковий пік,24.142857142857142,8.474050024015897,7,11,трамвай,21,3528,4,TRUE
1_37,0,вечір/ніч,13.714285714285714,9.241984944495728,21,12,трамвай,33,5544,6,FALSE
1_37,0,вечірній пік,23.625,4.983902658989812,8,12,трамвай,33,5544,6,TRUE
1_37,0,день,17.4,10.082988974836118,25,12,трамвай,33,5544,6,FALSE
1_37,0,ранковий пік,15.545454545454545,6.346079677464449,11,12,трамвай,33,5544,6,TRUE
1_37,1,вечір/ніч,21.625,8.450486038430824,8,12,трамвай,33,5544,6,FALSE
1_37,1,вечірній пік,24,4.7207747548166585,8,12,трамвай,33,5544,6,TRUE
1_37,1,день,21.94736842105263,7.8278256113156734,19,12,трамвай,33,5544,6,FALSE
1_37,1,ранковий пік,24,5.32290647422377,7,12,трамвай,33,5544,6,TRUE
1_38,0,вечір/ніч,14.818181818181818,9.137241240614012,22,14,трамвай,31,5466,6,FALSE
1_38,0,вечірній пік,15.666666666666666,5.382350506024015,12,14,трамвай,31,5466,6,TRUE
1_38,0,день,19.09090909090909,8.490381621963765,22,14,трамвай,31,5466,6,FALSE
1_38,0,ранковий пік,14.5,5.962000884388944,12,14,трамвай,31,5466,6,TRUE
1_38,1,вечір/ніч,24.75,2.187627547301936,8,14,трамвай,31,5466,6,FALSE
1_38,1,вечірній пік,16.4,6.310485101972924,10,14,трамвай,31,5466,6,TRUE
1_38,1,день,24.470588235294116,4.797364472536241,17,14,трамвай,31,5466,6,FALSE
1_38,1,ранковий пік,17.454545454545453,3.297381881542881,11,14,трамвай,31,5466,6,TRUE
1_389,0,вечір/ніч,19.333333333333336,13.43220914162084,12,17,трамвай,34,5712,5,FALSE
1_389,0,вечірній пік,19.3,9.510812560215639,10,17,трамвай,34,5712,5,TRUE
1_389,0,день,27.466666666666665,16.80079363204806,15,17,трамвай,34,5712,5,FALSE
1_389,0,ранковий пік,19.3,9.944847912361455,10,17,трамвай,34,5712,5,TRUE
1_389,1,вечір/ніч,37.333333333333336,15.044378795195676,3,17,трамвай,34,5712,5,FALSE
1_389,1,вечірній пік,27.166666666666668,7.704976746666187,6,17,трамвай,34,5712,5,TRUE
1_389,1,день,38.75,14.99166435056495,12,17,трамвай,34,5712,5,FALSE
1_389,1,ранковий пік,29,17.378147196982766,5,17,трамвай,34,5712,5,TRUE
1_39,0,вечір/ніч,15.944444444444445,8.687192887316243,18,15,трамвай,31,5712,5,FALSE
1_39,0,вечірній пік,13.538461538461538,6.450004969189101,13,15,трамвай,31,5712,5,TRUE
1_39,0,день,21.45,8.726698296486175,20,15,трамвай,31,5712,5,FALSE
1_39,0,ранковий пік,13.076923076923077,5.267218406672514,13,15,трамвай,31,5712,5,TRUE
1_39,1,вечір/ніч,24,2.943920288775949,7,15,трамвай,31,5712,5,FALSE
1_39,1,вечірній пік,23.375,4.897156609415596,8,15,трамвай,31,5712,5,TRUE
1_39,1,день,21.263157894736842,7.51917626445254,19,15,трамвай,31,5712,5,FALSE
1_39,1,ранковий пік,20.666666666666668,7.937253933193772,9,15,трамвай,31,5712,5,TRUE
1_39,255,вечір/ніч,16.923076923076923,5.6636492720615275,13,15,трамвай,31,5712,5,FALSE
1_39,255,вечірній пік,23,NA,1,15,трамвай,31,5712,5,TRUE
1_39,255,день,33,8.54400374531753,3,15,трамвай,31,5712,5,FALSE
1_4,0,вечірній пік,43,29.698484809834994,2,2,трамвай,17,4138,3,TRUE
1_4,0,день,52.25,16.49025686363228,8,2,трамвай,17,4138,3,FALSE
1_4,0,ранковий пік,46,22.627416997969522,2,2,трамвай,17,4138,3,TRUE
1_4,1,вечірній пік,63,NA,1,2,трамвай,17,4138,3,TRUE
1_4,1,день,70.16666666666667,21.02775943049251,6,2,трамвай,17,4138,3,FALSE
1_4,1,ранковий пік,61,NA,1,2,трамвай,17,4138,3,TRUE
1_40,0,вечір/ніч,17.823529411764707,9.767518198841806,17,16,трамвай,30,5040,5,FALSE
1_40,0,вечірній пік,18.88888888888889,6.772083217970015,9,16,трамвай,30,5040,5,TRUE
1_40,0,день,21.15,8.542617619294083,20,16,трамвай,30,5040,5,FALSE
1_40,0,ранковий пік,17.6,3.5962943891363137,10,16,трамвай,30,5040,5,TRUE
1_40,1,вечір/ніч,22.375,4.565006649971686,8,16,трамвай,30,5040,5,FALSE
1_40,1,вечірній пік,24.571428571428573,4.353433237386437,7,16,трамвай,30,5040,5,TRUE
1_40,1,день,21.15,7.307350300967692,20,16,трамвай,30,5040,5,FALSE
1_40,1,ранковий пік,22.625,6.1164298643664905,8,16,трамвай,30,5040,5,TRUE
1_41,0,вечір/ніч,15.777777777777779,7.2400483875175015,18,18,трамвай,17,2856,3,FALSE
1_41,0,вечірній пік,20.77777777777778,6.339908867203412,9,18,трамвай,17,2856,3,TRUE
1_41,0,день,22.210526315789473,5.817396777181173,19,18,трамвай,17,2856,3,FALSE
1_41,0,ранковий пік,16.181818181818183,5.862050525510366,11,18,трамвай,17,2856,3,TRUE
1_41,1,вечір/ніч,20.4,5.834761729877618,10,18,трамвай,17,2856,3,FALSE
1_41,1,вечірній пік,19.444444444444443,7.939003575876369,9,18,трамвай,17,2856,3,TRUE
1_41,1,день,22.736842105263158,4.1344367514163265,19,18,трамвай,17,2856,3,FALSE
1_41,1,ранковий пік,19.444444444444443,6.227180564089801,9,18,трамвай,17,2856,3,TRUE
1_42,0,вечір/ніч,43.2,29.96164214458213,5,19,трамвай,23,3864,4,FALSE
1_42,0,вечірній пік,39,22.64950330581225,3,19,трамвай,23,3864,4,TRUE
1_42,0,день,47.333333333333336,26.870057685088806,9,19,трамвай,23,3864,4,FALSE
1_42,0,ранковий пік,38.2,2.16794833886788,5,19,трамвай,23,3864,4,TRUE
1_42,1,вечір/ніч,74,NA,1,19,трамвай,23,3864,4,FALSE
1_42,1,вечірній пік,49,26.795522013948524,4,19,трамвай,23,3864,4,TRUE
1_42,1,день,66.83333333333333,22.894686428659963,6,19,трамвай,23,3864,4,FALSE
1_42,1,ранковий пік,45.5,11.210114480533491,4,19,трамвай,23,3864,4,TRUE
1_46,0,вечір/ніч,7.972972972972974,4.092584666106402,37,8,трамвай,33,8574,6,FALSE
1_46,0,вечірній пік,6.884615384615385,2.286078267722662,26,8,трамвай,33,8574,6,TRUE
1_46,0,день,9.23913043478261,3.8883574516108457,46,8,трамвай,33,8574,6,FALSE
1_46,0,ранковий пік,7.458333333333333,1.7932037558919307,24,8,трамвай,33,8574,6,TRUE
1_46,1,вечір/ніч,11.882352941176471,2.3948474100967387,17,8,трамвай,33,8574,6,FALSE
1_46,1,вечірній пік,9.421052631578947,2.6313450188424805,19,8,трамвай,33,8574,6,TRUE
1_46,1,день,10.195121951219512,4.142580790975125,41,8,трамвай,33,8574,6,FALSE
1_46,1,ранковий пік,7.625,1.2091139407595672,24,8,трамвай,33,8574,6,TRUE
1_466,0,вечір/ніч,10.068965517241379,5.6311064282174,29,33к,трамвай,32,7844,4,FALSE
1_466,0,вечірній пік,7.565217391304348,1.7793279363676442,23,33к,трамвай,32,7844,4,TRUE
1_466,0,день,10.65,4.452311413533079,40,33к,трамвай,32,7844,4,FALSE
1_466,0,ранковий пік,8,1.6035674514745464,22,33к,трамвай,32,7844,4,TRUE
1_466,1,вечір/ніч,14.266666666666667,2.6850556436550455,15,33к,трамвай,32,7844,4,FALSE
1_466,1,вечірній пік,8.947368421052632,1.985326287499427,19,33к,трамвай,32,7844,4,TRUE
1_466,1,день,12.205882352941178,3.7961656234001713,34,33к,трамвай,32,7844,4,FALSE
1_466,1,ранковий пік,8.454545454545455,0.9116846116771038,22,33к,трамвай,32,7844,4,TRUE
1_49,0,вечір/ніч,23,14.187061967607221,12,25,трамвай,22,3126,4,FALSE
1_49,0,вечірній пік,22.75,4.6827952580239325,8,25,трамвай,22,3126,4,TRUE
1_49,0,день,27.866666666666667,12.414661071644668,15,25,трамвай,22,3126,4,FALSE
1_49,0,ранковий пік,19.77777777777778,8.728942916782332,9,25,трамвай,22,3126,4,TRUE
1_49,1,вечір/ніч,39.666666666666664,4.163331998932266,3,25,трамвай,22,3126,4,FALSE
1_49,1,вечірній пік,22.25,4.590362575159894,8,25,трамвай,22,3126,4,TRUE
1_49,1,день,32,10.206207261596576,13,25,трамвай,22,3126,4,FALSE
1_49,1,ранковий пік,24.375,7.0089228844380935,8,25,трамвай,22,3126,4,TRUE
1_5,0,вечір/ніч,8.078947368421053,3.619628015435844,38,3,трамвай,41,10800,4,FALSE
1_5,0,вечірній пік,6.392857142857143,1.0306159867619522,28,3,трамвай,41,10800,4,TRUE
1_5,0,день,7.905660377358491,2.7263962615045543,53,3,трамвай,41,10800,4,FALSE
1_5,0,ранковий пік,6.266666666666667,1.3628907749221197,30,3,трамвай,41,10800,4,TRUE
1_5,1,вечір/ніч,10.130434782608695,2.5460191355791464,23,3,трамвай,41,10800,4,FALSE
1_5,1,вечірній пік,6.769230769230769,1.0318020084373671,26,3,трамвай,41,10800,4,TRUE
1_5,1,день,9.422222222222222,1.6853498273070904,45,3,трамвай,41,10800,4,FALSE
1_5,1,ранковий пік,6.88,1.1661903789690602,25,3,трамвай,41,10800,4,TRUE
1_51,0,вечір/ніч,11.875,5.922047971260707,24,29,трамвай,41,6804,5,FALSE
1_51,0,вечірній пік,11.3125,2.151549828999242,16,29,трамвай,41,6804,5,TRUE
1_51,0,день,13.933333333333332,6.6432923564549915,30,29,трамвай,41,6804,5,FALSE
1_51,0,ранковий пік,11.411764705882353,4.637602068006318,17,29,трамвай,41,6804,5,TRUE
1_51,1,вечір/ніч,18.818181818181817,3.5161962919661303,11,29,трамвай,41,6804,5,FALSE
1_51,1,вечірній пік,11.933333333333334,1.7915143899851347,15,29,трамвай,41,6804,5,TRUE
1_51,1,день,16.72,5.975784467331465,25,29,трамвай,41,6804,5,FALSE
1_51,1,ранковий пік,11.8,0.9411239481143201,15,29,трамвай,41,6804,5,TRUE
1_552,0,вечір/ніч,13.454545454545455,8.359353317020874,22,22к,трамвай,39,6730,4,FALSE
1_552,0,вечірній пік,12.266666666666667,2.1201976547572388,15,22к,трамвай,39,6730,4,TRUE
1_552,0,день,16,8.26559132790873,26,22к,трамвай,39,6730,4,FALSE
1_552,0,ранковий пік,11.8,3.8022549700332906,15,22к,трамвай,39,6730,4,TRUE
1_552,1,вечір/ніч,21.875,5.330170192940773,8,22к,трамвай,39,6730,4,FALSE
1_552,1,вечірній пік,13.785714285714286,2.8603004529801903,14,22к,трамвай,39,6730,4,TRUE
1_552,1,день,19.09090909090909,7.615204658532953,22,22к,трамвай,39,6730,4,FALSE
1_552,1,ранковий пік,12.923076923076923,1.6563785025137652,13,22к,трамвай,39,6730,4,TRUE
1_667,0,вечір/ніч,15.5625,6.632935498957707,16,23к,трамвай,37,5626,3,FALSE
1_667,0,вечірній пік,13.153846153846153,3.0234129127569793,13,23к,трамвай,37,5626,3,TRUE
1_667,0,день,16.148148148148145,7.527915758662266,27,23к,трамвай,37,5626,3,FALSE
1_667,0,ранковий пік,11.733333333333333,4.47958331395529,15,23к,трамвай,37,5626,3,TRUE
1_667,1,вечір/ніч,21.5,2.2677868380553634,8,23к,трамвай,37,5626,3,FALSE
1_667,1,вечірній пік,15.333333333333334,4.849242365066064,12,23к,трамвай,37,5626,3,TRUE
1_667,1,день,19.181818181818183,5.933250643910402,22,23к,трамвай,37,5626,3,FALSE
1_667,1,ранковий пік,14,5.04524979109513,12,23к,трамвай,37,5626,3,TRUE
2_1,0,вечір/ніч,20.333333333333332,6.683312551921141,15,1,тролейбус,15,2440,3,FALSE
2_1,0,вечірній пік,14.916666666666666,5.19542339395205,12,1,тролейбус,15,2440,3,TRUE
2_1,0,день,18.954545454545453,5.736078573607356,22,1,тролейбус,15,2440,3,FALSE
2_1,0,ранковий пік,15.083333333333334,5.333570070503405,12,1,тролейбус,15,2440,3,TRUE
2_1,1,вечір/ніч,18.615384615384617,4.610467466148119,13,1,тролейбус,15,2440,3,FALSE
2_1,1,вечірній пік,16.636363636363637,6.682405663722118,11,1,тролейбус,15,2440,3,TRUE
2_1,1,день,20.238095238095237,5.019011475427823,21,1,тролейбус,15,2440,3,FALSE
2_1,1,ранковий пік,15.909090909090908,4.5266885347800425,11,1,тролейбус,15,2440,3,TRUE
2_12,0,вечір/ніч,13.523809523809524,4.84374903993846,21,16,тролейбус,39,6123,4,FALSE
2_12,0,вечірній пік,15.333333333333334,5.033222956847166,12,16,тролейбус,39,6123,4,TRUE
2_12,0,день,17.04,6.367102951892643,25,16,тролейбус,39,6123,4,FALSE
2_12,0,ранковий пік,13.615384615384615,3.7089635016282188,13,16,тролейбус,39,6123,4,TRUE
2_12,1,вечір/ніч,18.3,2.311805451253294,10,16,тролейбус,39,6123,4,FALSE
2_12,1,вечірній пік,16.9,3.4464152068167557,10,16,тролейбус,39,6123,4,TRUE
2_12,1,день,16.423076923076923,6.952254753232663,26,16,тролейбус,39,6123,4,FALSE
2_12,1,ранковий пік,16,5.549774770204643,11,16,тролейбус,39,6123,4,TRUE
2_14,0,вечір/ніч,21.083333333333332,9.866917482479552,12,17,тролейбус,36,3769,4,FALSE
2_14,0,вечірній пік,13.76923076923077,5.387544990590893,13,17,тролейбус,36,3769,4,TRUE
2_14,0,день,18.434782608695652,12.339242966894178,23,17,тролейбус,36,3769,4,FALSE
2_14,0,ранковий пік,13.846153846153847,5.145323991194234,13,17,тролейбус,36,3769,4,TRUE
2_14,1,вечір/ніч,26.25,6.08863109175031,8,17,тролейбус,36,3769,4,FALSE
2_14,1,вечірній пік,18.555555555555557,8.530989261379817,9,17,тролейбус,36,3769,4,TRUE
2_14,1,день,24.588235294117645,10.446643142233608,17,17,тролейбус,36,3769,4,FALSE
2_14,1,ранковий пік,15.454545454545455,3.2051095570553083,11,17,тролейбус,36,3769,4,TRUE
2_15,0,вечір/ніч,9.387096774193548,4.44730194878377,31,18,тролейбус,56,8801,5,FALSE
2_15,0,вечірній пік,8.181818181818182,3.459099299726443,22,18,тролейбус,56,8801,5,TRUE
2_15,0,день,11.378378378378377,5.539511367096035,37,18,тролейбус,56,8801,5,FALSE
2_15,0,ранковий пік,7.913043478260869,2.1513852509543043,23,18,тролейбус,56,8801,5,TRUE
2_15,1,вечір/ніч,12.333333333333334,3.5590260840104375,15,18,тролейбус,56,8801,5,FALSE
2_15,1,вечірній пік,11.866666666666667,3.136573805618997,15,18,тролейбус,56,8801,5,TRUE
2_15,1,день,15.407407407407407,2.5759129712254714,27,18,тролейбус,56,8801,5,FALSE
2_15,1,ранковий пік,9.526315789473685,3.289181273553101,19,18,тролейбус,56,8801,5,TRUE
2_16,0,вечір/ніч,17.1875,7.790753065868109,16,19,тролейбус,21,2205,4,FALSE
2_16,0,вечірній пік,29.666666666666668,8.891943919451284,6,19,тролейбус,21,2205,4,TRUE
2_16,0,день,24.38888888888889,5.225940825950851,18,19,тролейбус,21,2205,4,FALSE
2_16,0,ранковий пік,23.714285714285715,5.794085654478071,7,19,тролейбус,21,2205,4,TRUE
2_16,1,вечір/ніч,21.875,4.54933276112317,8,19,тролейбус,21,2205,4,FALSE
2_16,1,вечірній пік,28.714285714285715,8.807464366741916,7,19,тролейбус,21,2205,4,TRUE
2_16,1,день,24.11764705882353,5.158516658657512,17,19,тролейбус,21,2205,4,FALSE
2_16,1,ранковий пік,24.857142857142858,5.145501965424799,7,19,тролейбус,21,2205,4,TRUE
2_21,0,вечір/ніч,21.142857142857142,8.760550938568462,14,23,тролейбус,12,1215,3,FALSE
2_21,0,вечірній пік,25,4.509249752822894,7,23,тролейбус,12,1215,3,TRUE
2_21,0,день,22.944444444444443,7.996118339340159,18,23,тролейбус,12,1215,3,FALSE
2_21,0,ранковий пік,23,5.32290647422377,7,23,тролейбус,12,1215,3,TRUE
2_21,1,вечір/ніч,23.625,7.614600636746674,8,23,тролейбус,12,1215,3,FALSE
2_21,1,вечірній пік,27.333333333333332,4.844240566555986,6,23,тролейбус,12,1215,3,TRUE
2_21,1,день,25.058823529411764,4.234834533888162,17,23,тролейбус,12,1215,3,FALSE
2_21,1,ранковий пік,25.142857142857142,6.229729031789731,7,23,тролейбус,12,1215,3,TRUE
2_23,0,вечір/ніч,15.777777777777779,7.8257159458646,18,24,тролейбус,29,5172,4,FALSE
2_23,0,вечірній пік,14.076923076923077,4.112208215819867,13,24,тролейбус,29,5172,4,TRUE
2_23,0,день,19.227272727272727,9.37540763904527,22,24,тролейбус,29,5172,4,FALSE
2_23,0,ранковий пік,12.285714285714286,4.581376538662915,14,24,тролейбус,29,5172,4,TRUE
2_23,1,вечір/ніч,23.2,5.370702416299422,10,24,тролейбус,29,5172,4,FALSE
2_23,1,вечірній пік,15.90909090909091,6.934760925288563,11,24,тролейбус,29,5172,4,TRUE
2_23,1,день,25.529411764705884,6.568082359589665,17,24,тролейбус,29,5172,4,FALSE
2_23,1,ранковий пік,15.1,4.863697724525606,10,24,тролейбус,29,5172,4,TRUE
2_25,0,вечір/ніч,15.588235294117649,7.9140604585242125,17,25,тролейбус,30,5354,3,FALSE
2_25,0,вечірній пік,17.181818181818183,2.926369143432927,11,25,тролейбус,30,5354,3,TRUE
2_25,0,день,17.083333333333332,7.592425668798601,24,25,тролейбус,30,5354,3,FALSE
2_25,0,ранковий пік,15.538461538461538,6.319485535698095,13,25,тролейбус,30,5354,3,TRUE
2_25,1,вечір/ніч,21.11111111111111,5.644564740625367,9,25,тролейбус,30,5354,3,FALSE
2_25,1,вечірній пік,18,3.265986323710904,10,25,тролейбус,30,5354,3,TRUE
2_25,1,день,23.27777777777778,4.884616374310577,18,25,тролейбус,30,5354,3,FALSE
2_25,1,ранковий пік,16.90909090909091,3.4191971412758715,11,25,тролейбус,30,5354,3,TRUE
2_26,0,вечір/ніч,16.58823529411765,8.775383350097957,17,26,тролейбус,26,3861,4,FALSE
2_26,0,вечірній пік,27.333333333333332,12.33963802818651,6,26,тролейбус,26,3861,4,TRUE
2_26,0,день,25.25,5.531726674375733,16,26,тролейбус,26,3861,4,FALSE
2_26,0,ранковий пік,23.875,7.936128959205669,8,26,тролейбус,26,3861,4,TRUE
2_26,1,вечір/ніч,20.875,6.197637798848388,8,26,тролейбус,26,3861,4,FALSE
2_26,1,вечірній пік,25.142857142857142,5.9281411203561225,7,26,тролейбус,26,3861,4,TRUE
2_26,1,день,26.25,6.913754406977442,16,26,тролейбус,26,3861,4,FALSE
2_26,1,ранковий пік,25.714285714285715,5.879747322073337,7,26,тролейбус,26,3861,4,TRUE
2_27,0,вечір/ніч,10.379310344827585,5.646830926049509,29,27,тролейбус,48,6453,6,FALSE
2_27,0,вечірній пік,9.15,3.1334359818945683,20,27,тролейбус,48,6453,6,TRUE
2_27,0,день,12.057142857142857,5.875887202811849,35,27,тролейбус,48,6453,6,FALSE
2_27,0,ранковий пік,8.380952380952381,2.69214023550391,21,27,тролейбус,48,6453,6,TRUE
2_27,1,вечір/ніч,16.46153846153846,0.7762500258061847,13,27,тролейбус,48,6453,6,FALSE
2_27,1,вечірній пік,11.466666666666667,3.377798663260409,15,27,тролейбус,48,6453,6,TRUE
2_27,1,день,16,4.427188724235731,26,27,тролейбус,48,6453,6,FALSE
2_27,1,ранковий пік,12.666666666666668,3.903600291794133,15,27,тролейбус,48,6453,6,TRUE
2_28,0,вечір/ніч,22.666666666666668,5.898125023079689,12,28,тролейбус,29,4770,3,FALSE
2_28,0,вечірній пік,23.25,6.943650748294136,8,28,тролейбус,29,4770,3,TRUE
2_28,0,день,26.933333333333334,7.136092034426792,15,28,тролейбус,29,4770,3,FALSE
2_28,0,ранковий пік,21,6.48074069840786,9,28,тролейбус,29,4770,3,TRUE
2_28,1,вечір/ніч,26.25,3.4121631178560534,8,28,тролейбус,29,4770,3,FALSE
2_28,1,вечірній пік,27.5,2.258317958127243,6,28,тролейбус,29,4770,3,TRUE
2_28,1,день,28.133333333333333,5.040786030920555,15,28,тролейбус,29,4770,3,FALSE
2_28,1,ранковий пік,24.714285714285715,9.72478424292429,7,28,тролейбус,29,4770,3,TRUE
2_29,0,вечір/ніч,18.857142857142858,7.684721533988402,14,29,тролейбус,45,8110,5,FALSE
2_29,0,вечірній пік,15.5,9.307865686416175,12,29,тролейбус,45,8110,5,TRUE
2_29,0,день,18.818181818181817,7.6571557795329355,22,29,тролейбус,45,8110,5,FALSE
2_29,0,ранковий пік,15.25,8.04673846971554,12,29,тролейбус,45,8110,5,TRUE
2_29,1,вечір/ніч,26.666666666666668,8.846845012017937,6,29,тролейбус,45,8110,5,FALSE
2_29,1,вечірній пік,41.75,9.673847907287634,4,29,тролейбус,45,8110,5,TRUE
2_29,1,день,25.294117647058822,7.856245174082471,17,29,тролейбус,45,8110,5,FALSE
2_29,1,ранковий пік,32.2,23.79495744900587,5,29,тролейбус,45,8110,5,TRUE
2_3,0,вечір/ніч,14.8,8.023649255072224,20,11,тролейбус,28,2880,6,FALSE
2_3,0,вечірній пік,24.285714285714285,3.450327796711771,7,11,тролейбус,28,2880,6,TRUE
2_3,0,день,20.6,5.374403271649403,20,11,тролейбус,28,2880,6,FALSE
2_3,0,ранковий пік,16.90909090909091,5.521857395017467,11,11,тролейбус,28,2880,6,TRUE
2_3,1,вечір/ніч,24.857142857142858,6.011892975000232,7,11,тролейбус,28,2880,6,FALSE
2_3,1,вечірній пік,23.714285714285715,2.563479777846623,7,11,тролейбус,28,2880,6,TRUE
2_3,1,день,18.26086956521739,8.0747495953539,23,11,тролейбус,28,2880,6,FALSE
2_3,1,ранковий пік,19.5,3.7490739597339973,10,11,тролейбус,28,2880,6,TRUE
2_30,0,вечір/ніч,15.555555555555555,8.375189003817956,18,3,тролейбус,36,4961,5,FALSE
2_30,0,вечірній пік,20.444444444444443,3.0459444804161775,9,3,тролейбус,36,4961,5,TRUE
2_30,0,день,19.666666666666668,5.304086474910957,21,3,тролейбус,36,4961,5,FALSE
2_30,0,ранковий пік,17.8,2.485513584307633,10,3,тролейбус,36,4961,5,TRUE
2_30,1,вечір/ніч,21.11111111111111,3.3333333333333335,9,3,тролейбус,36,4961,5,FALSE
2_30,1,вечірній пік,20.22222222222222,3.4560735588879536,9,3,тролейбус,36,4961,5,TRUE
2_30,1,день,21.2,2.9664793948382657,20,3,тролейбус,36,4961,5,FALSE
2_30,1,ранковий пік,17.9,2.7264140062238043,10,3,тролейбус,36,4961,5,TRUE
2_31,0,вечір/ніч,12.32,7.967224527190549,25,30,тролейбус,45,8189,8,FALSE
2_31,0,вечірній пік,20,1,9,30,тролейбус,45,8189,8,TRUE
2_31,0,день,14.5,6.51209700537449,28,30,тролейбус,45,8189,8,FALSE
2_31,0,ранковий пік,19.2,3.5839146815241634,10,30,тролейбус,45,8189,8,TRUE
2_31,1,вечір/ніч,20.333333333333332,1.9364916731037085,9,30,тролейбус,45,8189,8,FALSE
2_31,1,вечірній пік,22.5,6.48074069840786,8,30,тролейбус,45,8189,8,TRUE
2_31,1,день,20.7,1.0310954828418373,20,30,тролейбус,45,8189,8,FALSE
2_31,1,ранковий пік,20.333333333333332,3.427827300200522,9,30,тролейбус,45,8189,8,TRUE
2_33,0,вечір/ніч,11.666666666666668,7.52772652709081,24,31,тролейбус,49,8925,6,FALSE
2_33,0,вечірній пік,9.578947368421053,4.15419185179506,19,31,тролейбус,49,8925,6,TRUE
2_33,0,день,14.2,8.087453032427709,30,31,тролейбус,49,8925,6,FALSE
2_33,0,ранковий пік,9.473684210526315,4.299462770737649,19,31,тролейбус,49,8925,6,TRUE
2_33,1,вечір/ніч,17.5,5.205766033928148,6,31,тролейбус,49,8925,6,FALSE
2_33,1,вечірній пік,20.444444444444443,18.901792977857358,9,31,тролейбус,49,8925,6,TRUE
2_33,1,день,15.407407407407408,9.07769565498637,27,31,тролейбус,49,8925,6,FALSE
2_33,1,ранковий пік,14.461538461538462,11.428147885924654,13,31,тролейбус,49,8925,6,TRUE
2_34,0,вечір/ніч,17.22222222222222,4.479437406318363,18,32,тролейбус,15,2760,3,FALSE
2_34,0,вечірній пік,18.5,2.41522945769824,10,32,тролейбус,15,2760,3,TRUE
2_34,0,день,20,4.0743097574926725,21,32,тролейбус,15,2760,3,FALSE
2_34,0,ранковий пік,17,3.496029493900505,10,32,тролейбус,15,2760,3,TRUE
2_34,1,вечір/ніч,19.23076923076923,1.8776690404970273,13,32,тролейбус,15,2760,3,FALSE
2_34,1,вечірній пік,17.5,2.6352313834736494,10,32,тролейбус,15,2760,3,TRUE
2_34,1,день,20.714285714285715,1.7928429140015913,21,32,тролейбус,15,2760,3,FALSE
2_34,1,ранковий пік,17.77777777777778,4.409585518440984,9,32,тролейбус,15,2760,3,TRUE
2_35,0,вечір/ніч,31.428571428571427,12.447987024108794,7,34,тролейбус,12,2117,5,FALSE
2_35,0,вечірній пік,51.5,6.60807586719967,4,34,тролейбус,12,2117,5,TRUE
2_35,0,день,44.44444444444444,7.891627067834476,9,34,тролейбус,12,2117,5,FALSE
2_35,0,ранковий пік,43.25,5.377421934967226,4,34,тролейбус,12,2117,5,TRUE
2_35,1,вечір/ніч,36.666666666666664,7.637626158259733,3,34,тролейбус,12,2117,5,FALSE
2_35,1,вечірній пік,45,9.128709291752768,4,34,тролейбус,12,2117,5,TRUE
2_35,1,день,46,8.919392106839767,10,34,тролейбус,12,2117,5,FALSE
2_35,1,ранковий пік,45,5,3,34,тролейбус,12,2117,5,TRUE
2_36,0,вечір/ніч,16.055555555555557,8.868133447894952,18,35,тролейбус,34,3565,5,FALSE
2_36,0,вечірній пік,25,0.7559289460184544,8,35,тролейбус,34,3565,5,TRUE
2_36,0,день,23.529411764705884,7.072107598329718,17,35,тролейбус,34,3565,5,FALSE
2_36,0,ранковий пік,17.272727272727273,6.117040282537121,11,35,тролейбус,34,3565,5,TRUE
2_36,1,вечір/ніч,22.5,1.6431676725154984,6,35,тролейбус,34,3565,5,FALSE
2_36,1,вечірній пік,24.375,1.7677669529663689,8,35,тролейбус,34,3565,5,TRUE
2_36,1,день,26.25,2.23606797749979,16,35,тролейбус,34,3565,5,FALSE
2_36,1,ранковий пік,23.571428571428573,3.154739442867026,7,35,тролейбус,34,3565,5,TRUE
2_38,0,вечір/ніч,14.631578947368421,6.193280644876255,19,37,тролейбус,36,6533,4,FALSE
2_38,0,вечірній пік,24.25,2.866057521105554,8,37,тролейбус,36,6533,4,TRUE
2_38,0,день,20.55,2.981963323576918,20,37,тролейбус,36,6533,4,FALSE
2_38,0,ранковий пік,20.88888888888889,3.620926830400072,9,37,тролейбус,36,6533,4,TRUE
2_38,1,вечір/ніч,19.5,1.0690449676496976,8,37,тролейбус,36,6533,4,FALSE
2_38,1,вечірній пік,22.5,2.2677868380553634,8,37,тролейбус,36,6533,4,TRUE
2_38,1,день,16.44,7.0420167565833,25,37,тролейбус,36,6533,4,FALSE
2_38,1,ранковий пік,22.875,4.4860896112315904,8,37,тролейбус,36,6533,4,TRUE
2_40,0,вечір/ніч,17.25,6.526867548832288,16,38,тролейбус,35,4967,5,FALSE
2_40,0,вечірній пік,10.055555555555555,3.6375852077705138,18,38,тролейбус,35,4967,5,TRUE
2_40,0,день,14.75862068965517,7.529253294478397,29,38,тролейбус,35,4967,5,FALSE
2_40,0,ранковий пік,10.470588235294118,3.144790276370261,17,38,тролейбус,35,4967,5,TRUE
2_40,1,вечір/ніч,20.5,1.4142135623730951,8,38,тролейбус,35,4967,5,FALSE
2_40,1,вечірній пік,13.461538461538462,3.306946845036587,13,38,тролейбус,35,4967,5,TRUE
2_40,1,день,21.94736842105263,2.6971936899617703,19,38,тролейбус,35,4967,5,FALSE
2_40,1,ранковий пік,12.125,4.318564576337836,16,38,тролейбус,35,4967,5,TRUE
2_41,0,вечір/ніч,20.5,9.021579068482906,10,39,тролейбус,12,1185,3,FALSE
2_41,0,вечірній пік,30,6.454972243679028,7,39,тролейбус,12,1185,3,TRUE
2_41,0,день,26.333333333333332,3.5186577527449834,15,39,тролейбус,12,1185,3,FALSE
2_41,0,ранковий пік,26.857142857142858,5.843188953205018,7,39,тролейбус,12,1185,3,TRUE
2_41,1,вечір/ніч,23.4,2.302172886644268,5,39,тролейбус,12,1185,3,FALSE
2_41,1,вечірній пік,27.857142857142858,4.879500364742666,7,39,тролейбус,12,1185,3,TRUE
2_41,1,день,27.1875,4.8196645803070846,16,39,тролейбус,12,1185,3,FALSE
2_41,1,ранковий пік,27.166666666666668,6.337717780610515,6,39,тролейбус,12,1185,3,TRUE
2_43,0,вечір/ніч,16.38888888888889,8.189942820233412,18,4,тролейбус,47,7017,6,FALSE
2_43,0,вечірній пік,20.555555555555557,5.681353516353104,9,4,тролейбус,47,7017,6,TRUE
2_43,0,день,18.68181818181818,11.012487992043022,22,4,тролейбус,47,7017,6,FALSE
2_43,0,ранковий пік,19.333333333333332,4.358898943540674,9,4,тролейбус,47,7017,6,TRUE
2_43,1,вечір/ніч,24.375,4.533604683755678,8,4,тролейбус,47,7017,6,FALSE
2_43,1,вечірній пік,25.571428571428573,2.699206232527312,7,4,тролейбус,47,7017,6,TRUE
2_43,1,день,26.125,6.540896982320799,16,4,тролейбус,47,7017,6,FALSE
2_43,1,ранковий пік,22.125,6.0812945050493035,8,4,тролейбус,47,7017,6,TRUE
2_44,0,вечір/ніч,12.545454545454545,5.754727023663513,22,40,тролейбус,47,6269,5,FALSE
2_44,0,вечірній пік,14.666666666666666,0.9847319278346617,12,40,тролейбус,47,6269,5,TRUE
2_44,0,день,15.035714285714286,5.1674346587432485,28,40,тролейбус,47,6269,5,FALSE
2_44,0,ранковий пік,11.25,5.039841267341661,16,40,тролейбус,47,6269,5,TRUE
2_44,1,вечір/ніч,17.363636363636363,2.4605985967941737,11,40,тролейбус,47,6269,5,FALSE
2_44,1,вечірній пік,15.181818181818182,1.0787197799411874,11,40,тролейбус,47,6269,5,TRUE
2_44,1,день,16.92,3.4268547289509272,25,40,тролейбус,47,6269,5,FALSE
2_44,1,ранковий пік,14.153846153846153,2.8823067684915684,13,40,тролейбус,47,6269,5,TRUE
2_45,0,вечір/ніч,12.916666666666668,4.994924960629423,24,41,тролейбус,24,3245,3,FALSE
2_45,0,вечірній пік,10.5625,2.27943706500823,16,41,тролейбус,24,3245,3,TRUE
2_45,0,день,12.969696969696969,4.019365998550397,33,41,тролейбус,24,3245,3,FALSE
2_45,0,ранковий пік,10.529411764705882,3.164602010103789,17,41,тролейбус,24,3245,3,TRUE
2_45,1,вечір/ніч,13.5,4.805021882792798,18,41,тролейбус,24,3245,3,FALSE
2_45,1,вечірній пік,10.875,2.6801741236966925,16,41,тролейбус,24,3245,3,TRUE
2_45,1,день,14.482758620689655,2.680893902829167,29,41,тролейбус,24,3245,3,FALSE
2_45,1,ранковий пік,11.875,3.0083217912982647,16,41,тролейбус,24,3245,3,TRUE
2_46,0,вечір/ніч,16.2,8.075955214807655,20,42,тролейбус,27,4110,7,FALSE
2_46,0,вечірній пік,25.285714285714285,3.7289089429432174,7,42,тролейбус,27,4110,7,TRUE
2_46,0,день,21.65,7.506313132430945,20,42,тролейбус,27,4110,7,FALSE
2_46,0,ранковий пік,21.714285714285715,1.9760470401187074,7,42,тролейбус,27,4110,7,TRUE
2_46,1,вечір/ніч,22.25,1.5811388300841898,8,42,тролейбус,27,4110,7,FALSE
2_46,1,вечірній пік,27.666666666666668,3.011090610836324,6,42,тролейбус,27,4110,7,TRUE
2_46,1,день,20,6.549809157525126,21,42,тролейбус,27,4110,7,FALSE
2_46,1,ранковий пік,23.875,3.720119045714225,8,42,тролейбус,27,4110,7,TRUE
2_47,0,вечір/ніч,18.294117647058822,10.918818078679308,17,43,тролейбус,28,2865,6,FALSE
2_47,0,вечірній пік,25.857142857142858,5.5805785670356025,7,43,тролейбус,28,2865,6,TRUE
2_47,0,день,27.0625,6.41320252811859,16,43,тролейбус,28,2865,6,FALSE
2_47,0,ранковий пік,20.875,8.043409014306594,8,43,тролейбус,28,2865,6,TRUE
2_47,1,вечір/ніч,27.4,4.878524367060187,5,43,тролейбус,28,2865,6,FALSE
2_47,1,вечірній пік,29.142857142857142,2.0354009783964293,7,43,тролейбус,28,2865,6,TRUE
2_47,1,день,29.357142857142858,5.271215636427169,14,43,тролейбус,28,2865,6,FALSE
2_47,1,ранковий пік,26.857142857142858,6.25642526870234,7,43,тролейбус,28,2865,6,TRUE
2_50,0,вечір/ніч,29.77777777777778,10.963322691795788,9,44,тролейбус,13,2220,5,FALSE
2_50,0,вечірній пік,42,6,4,44,тролейбус,13,2220,5,TRUE
2_50,0,день,35.166666666666664,4.628632889335945,12,44,тролейбус,13,2220,5,FALSE
2_50,0,ранковий пік,34.5,5.0099900199501395,6,44,тролейбус,13,2220,5,TRUE
2_50,1,вечір/ніч,32.6,2.1908902300206643,5,44,тролейбус,13,2220,5,FALSE
2_50,1,вечірній пік,40.6,6.06630035524124,5,44,тролейбус,13,2220,5,TRUE
2_50,1,день,35.166666666666664,4.628632889335945,12,44,тролейбус,13,2220,5,FALSE
2_50,1,ранковий пік,35.4,5.504543577809154,5,44,тролейбус,13,2220,5,TRUE
2_51,0,вечір/ніч,20.571428571428573,10.91727132514408,14,45,тролейбус,36,5183,4,FALSE
2_51,0,вечірній пік,12.8,7.747810750694122,15,45,тролейбус,36,5183,4,TRUE
2_51,0,день,19.428571428571427,12.20889605399042,21,45,тролейбус,36,5183,4,FALSE
2_51,0,ранковий пік,15.333333333333334,6.945676658355487,12,45,тролейбус,36,5183,4,TRUE
2_51,1,вечір/ніч,29.444444444444443,8.719390906352219,9,45,тролейбус,36,5183,4,FALSE
2_51,1,вечірній пік,19.875,8.9831190892378,8,45,тролейбус,36,5183,4,TRUE
2_51,1,день,24.529411764705884,10.577793053484877,17,45,тролейбус,36,5183,4,FALSE
2_51,1,ранковий пік,19.1,6.2441083341730135,10,45,тролейбус,36,5183,4,TRUE
2_54,0,вечір/ніч,17.5625,9.106545265174201,16,5,тролейбус,25,3933,6,FALSE
2_54,0,вечірній пік,20.77777777777778,6.240548408949685,9,5,тролейбус,25,3933,6,TRUE
2_54,0,день,18.681818181818183,9.438454088695647,22,5,тролейбус,25,3933,6,FALSE
2_54,0,ранковий пік,18.9,5.130518708885313,10,5,тролейбус,25,3933,6,TRUE
2_54,1,вечір/ніч,24.714285714285715,2.563479777846623,7,5,тролейбус,25,3933,6,FALSE
2_54,1,вечірній пік,24.375,2.774243783705493,8,5,тролейбус,25,3933,6,TRUE
2_54,1,день,26.9375,2.644963767867782,16,5,тролейбус,25,3933,6,FALSE
2_54,1,ранковий пік,21.375,3.543101950067402,8,5,тролейбус,25,3933,6,TRUE
2_55,0,вечір/ніч,23.916666666666668,12.273092026005015,12,6,тролейбус,45,6939,6,FALSE
2_55,0,вечірній пік,26.428571428571427,9.501879513323365,7,6,тролейбус,45,6939,6,TRUE
2_55,0,день,29.333333333333332,13.988090172238191,15,6,тролейбус,45,6939,6,FALSE
2_55,0,ранковий пік,23,4.654746681256314,7,6,тролейбус,45,6939,6,TRUE
2_55,1,вечір/ніч,31.8,8.757853618324527,5,6,тролейбус,45,6939,6,FALSE
2_55,1,вечірній пік,38.25,2.9860788111948193,4,6,тролейбус,45,6939,6,TRUE
2_55,1,день,33.23076923076923,10.489310798410019,13,6,тролейбус,45,6939,6,FALSE
2_55,1,ранковий пік,29.5,8.826097665446492,6,6,тролейбус,45,6939,6,TRUE
2_56,0,вечір/ніч,17.6875,9.491882496814492,16,7,тролейбус,27,3955,5,FALSE
2_56,0,вечірній пік,27.166666666666668,5.115336417740935,6,7,тролейбус,27,3955,5,TRUE
2_56,0,день,22.05,9.472814287544953,20,7,тролейбус,27,3955,5,FALSE
2_56,0,ранковий пік,22.285714285714285,3.817254061682111,7,7,тролейбус,27,3955,5,TRUE
2_56,1,вечір/ніч,24.571428571428573,2.29906813420444,7,7,тролейбус,27,3955,5,FALSE
2_56,1,вечірній пік,27.285714285714285,4.191828786034631,7,7,тролейбус,27,3955,5,TRUE
2_56,1,день,25.5625,6.840748009781777,16,7,тролейбус,27,3955,5,FALSE
2_56,1,ранковий пік,24.571428571428573,6.679749068568939,7,7,тролейбус,27,3955,5,TRUE
2_58,0,вечір/ніч,11.375,8.213522783905766,24,8,тролейбус,39,4168,4,FALSE
2_58,0,вечірній пік,8.714285714285714,3.9892713262306083,21,8,тролейбус,39,4168,4,TRUE
2_58,0,день,11.162162162162161,6.990126026178774,37,8,тролейбус,39,4168,4,FALSE
2_58,0,ранковий пік,9.88888888888889,3.512815008087638,18,8,тролейбус,39,4168,4,TRUE
2_58,1,вечір/ніч,22.22222222222222,4.116363011742823,9,8,тролейбус,39,4168,4,FALSE
2_58,1,вечірній пік,17,5.868938953886336,10,8,тролейбус,39,4168,4,TRUE
2_58,1,день,20.19047619047619,2.9089353313376978,21,8,тролейбус,39,4168,4,FALSE
2_58,1,ранковий пік,11,2.422120283277993,16,8,тролейбус,39,4168,4,TRUE
2_6,0,вечір/ніч,12.173913043478262,7.952427724875441,23,12,тролейбус,40,5652,8,FALSE
2_6,0,вечірній пік,8.380952380952381,5.55406329164685,21,12,тролейбус,40,5652,8,TRUE
2_6,0,день,12.457142857142857,9.36307785350289,35,12,тролейбус,40,5652,8,FALSE
2_6,0,ранковий пік,10.8125,5.344389581607987,16,12,тролейбус,40,5652,8,TRUE
2_6,1,вечір/ніч,23,4.8166378315169185,6,12,тролейбус,40,5652,8,FALSE
2_6,1,вечірній пік,23,6.48074069840786,7,12,тролейбус,40,5652,8,TRUE
2_6,1,день,21.5,7.930620205387802,20,12,тролейбус,40,5652,8,FALSE
2_6,1,ранковий пік,22.125,7.717096048940394,8,12,тролейбус,40,5652,8,TRUE
2_675,0,вечір/ніч,24.666666666666668,2.081665999466133,3,15,тролейбус,22,2235,5,FALSE
2_675,0,вечірній пік,34,13.66747965061591,6,15,тролейбус,22,2235,5,TRUE
2_675,0,день,41.666666666666664,19.94367067517913,9,15,тролейбус,22,2235,5,FALSE
2_675,0,ранковий пік,30,10.276186062932103,6,15,тролейбус,22,2235,5,TRUE
2_675,1,вечір/ніч,26,NA,1,15,тролейбус,22,2235,5,FALSE
2_675,1,вечірній пік,29.666666666666668,10.801234497346433,6,15,тролейбус,22,2235,5,TRUE
2_675,1,день,53.25,8.64787339672097,8,15,тролейбус,22,2235,5,FALSE
2_675,1,ранковий пік,26.25,5.315072906367325,4,15,тролейбус,22,2235,5,TRUE
2_676,0,вечір/ніч,19.5,11.946998335597492,14,33,тролейбус,18,1704,6,FALSE
2_676,0,вечірній пік,19.666666666666668,10.874281585465774,9,33,тролейбус,18,1704,6,TRUE
2_676,0,день,26.058823529411764,7.988042534276578,17,33,тролейбус,18,1704,6,FALSE
2_676,0,ранковий пік,17.77777777777778,7.661229956374135,9,33,тролейбус,18,1704,6,TRUE
2_676,1,вечір/ніч,26.714285714285715,3.0937725468153885,7,33,тролейбус,18,1704,6,FALSE
2_676,1,вечірній пік,29.5,8.573214099741124,6,33,тролейбус,18,1704,6,TRUE
2_676,1,день,22.77777777777778,8.321167590269978,18,33,тролейбус,18,1704,6,FALSE
2_676,1,ранковий пік,22.25,8.79529094783924,8,33,тролейбус,18,1704,6,TRUE
2_695,0,вечір/ніч,12.559999999999999,7.757147241952633,25,50,тролейбус,59,6150,7,FALSE
2_695,0,вечірній пік,13.384615384615385,5.56085217597779,13,50,тролейбус,59,6150,7,TRUE
2_695,0,день,17.320000000000004,10.9,25,50,тролейбус,59,6150,7,FALSE
2_695,0,ранковий пік,11.4,4.83735464897913,15,50,тролейбус,59,6150,7,TRUE
2_695,1,вечір/ніч,24.25,8.08437646681195,8,50,тролейбус,59,6150,7,FALSE
2_695,1,вечірній пік,15.545454545454545,7.789270008975634,11,50,тролейбус,59,6150,7,TRUE
2_695,1,день,27.666666666666668,9.446591726019243,15,50,тролейбус,59,6150,7,FALSE
2_695,1,ранковий пік,18,12.498888839501783,10,50,тролейбус,59,6150,7,TRUE
2_696,0,вечір/ніч,14.45,7.667257795670049,20,50к,тролейбус,31,5546,5,FALSE
2_696,0,вечірній пік,14.923076923076923,6.7263355360545125,13,50к,тролейбус,31,5546,5,TRUE
2_696,0,день,22.842105263157894,6.300468747065454,19,50к,тролейбус,31,5546,5,FALSE
2_696,0,ранковий пік,15.3,1.4181364924121764,10,50к,тролейбус,31,5546,5,TRUE
2_696,1,вечір/ніч,23,13.309502512973847,8,50к,тролейбус,31,5546,5,FALSE
2_696,1,вечірній пік,20.125,7.180081575342402,8,50к,тролейбус,31,5546,5,TRUE
2_696,1,день,20.136363636363633,8.642615645440053,22,50к,тролейбус,31,5546,5,FALSE
2_696,1,ранковий пік,15.8,7.554248252914824,10,50к,тролейбус,31,5546,5,TRUE
2_738,0,вечір/ніч,16.428571428571427,9.360504666899518,7,40к,тролейбус,34,4513,4,FALSE
2_738,0,вечірній пік,19.444444444444443,6.948221195225277,9,40к,тролейбус,34,4513,4,TRUE
2_738,0,день,14.9,6.384877968032487,10,40к,тролейбус,34,4513,4,FALSE
2_738,0,ранковий пік,17.9,7.752418977325722,10,40к,тролейбус,34,4513,4,TRUE
2_738,1,вечір/ніч,28,9.899494936611665,2,40к,тролейбус,34,4513,4,FALSE
2_738,1,вечірній пік,21.857142857142858,4.180453381654971,7,40к,тролейбус,34,4513,4,TRUE
2_738,1,день,21,6.879922480183431,4,40к,тролейбус,34,4513,4,FALSE
2_738,1,ранковий пік,21,1.632993161855452,7,40к,тролейбус,34,4513,4,TRUE
2_756,0,вечір/ніч,25.4,7.7056977476266075,10,47,тролейбус,28,5069,6,FALSE
2_756,0,вечірній пік,37.6,5.412947441089743,5,47,тролейбус,28,5069,6,TRUE
2_756,0,день,33.61538461538461,4.941970955304869,13,47,тролейбус,28,5069,6,FALSE
2_756,0,ранковий пік,31.6,2.6076809620810595,5,47,тролейбус,28,5069,6,TRUE
2_756,1,вечір/ніч,30.75,2.9860788111948193,4,47,тролейбус,28,5069,6,FALSE
2_756,1,вечірній пік,35.8,5.890670590009257,5,47,тролейбус,28,5069,6,TRUE
2_756,1,день,26.466666666666665,10.828973481667902,15,47,тролейбус,28,5069,6,FALSE
2_756,1,ранковий пік,34.5,5.0099900199501395,6,47,тролейбус,28,5069,6,TRUE
2_8,0,вечір/ніч,16,9.246621004453464,17,14,тролейбус,29,2964,5,FALSE
2_8,0,вечірній пік,12.1875,5.799066016753618,16,14,тролейбус,29,2964,5,TRUE
2_8,0,день,17.82608695652174,8.8659315970181,23,14,тролейбус,29,2964,5,FALSE
2_8,0,ранковий пік,10.9375,4.567548576643712,16,14,тролейбус,29,2964,5,TRUE
2_8,1,вечір/ніч,22.571428571428573,1.511857892036909,7,14,тролейбус,29,2964,5,FALSE
2_8,1,вечірній пік,14,4.264014327112209,12,14,тролейбус,29,2964,5,TRUE
2_8,1,день,24.941176470588236,0.24253562503633297,17,14,тролейбус,29,2964,5,FALSE
2_8,1,ранковий пік,15.416666666666666,4.541892543729748,12,14,тролейбус,29,2964,5,TRUE
2_827,0,вечір/ніч,29.75,13.687846538339874,8,22к,тролейбус,26,2725,5,FALSE
2_827,0,вечірній пік,32,7.211102550927978,6,22к,тролейбус,26,2725,5,TRUE
2_827,0,день,32.69230769230769,13.936669947687262,13,22к,тролейбус,26,2725,5,FALSE
2_827,0,ранковий пік,23.571428571428573,7.955231881329059,7,22к,тролейбус,26,2725,5,TRUE
2_827,1,вечір/ніч,39.333333333333336,1.1547005383792515,3,22к,тролейбус,26,2725,5,FALSE
2_827,1,вечірній пік,34.5,6.892024376045111,6,22к,тролейбус,26,2725,5,TRUE
2_827,1,день,39.5,9.846036991827953,10,22к,тролейбус,26,2725,5,FALSE
2_827,1,ранковий пік,27.5,2.258317958127243,6,22к,тролейбус,26,2725,5,TRUE
3_1,0,день,76.5,30.405591591021544,2,11д,автобус,3,302,4,FALSE
3_1,0,ранковий пік,57.5,3.5355339059327378,2,11д,автобус,3,302,4,TRUE
3_1,1,день,77.5,31.81980515339464,2,11д,автобус,3,302,4,FALSE
3_1,1,ранковий пік,60,0,2,11д,автобус,3,302,4,TRUE
3_100,0,вечір/ніч,33.75,10.606601717798213,8,49,автобус,15,1997,3,FALSE
3_100,0,вечірній пік,33.75,7.5,4,49,автобус,15,1997,3,TRUE
3_100,0,день,33.214285714285715,8.68401335282759,14,49,автобус,15,1997,3,FALSE
3_100,0,ранковий пік,30,0,5,49,автобус,15,1997,3,TRUE
3_100,1,вечір/ніч,34.285714285714285,11.338934190276818,7,49,автобус,15,1997,3,FALSE
3_100,1,вечірній пік,33,6.708203932499369,5,49,автобус,15,1997,3,TRUE
3_100,1,день,33.46153846153846,8.987170342729172,13,49,автобус,15,1997,3,FALSE
3_100,1,ранковий пік,30,0,6,49,автобус,15,1997,3,TRUE
3_101,0,вечірній пік,66.5,2.1213203435596424,2,5,автобус,9,909,6,TRUE
3_101,0,день,82.2,23.562682360037027,5,5,автобус,9,909,6,FALSE
3_101,0,ранковий пік,65.5,2.1213203435596424,2,5,автобус,9,909,6,TRUE
3_101,1,вечірній пік,65,0,2,5,автобус,9,909,6,TRUE
3_101,1,день,82,23.302360395462088,5,5,автобус,9,909,6,FALSE
3_101,1,ранковий пік,65,0,2,5,автобус,9,909,6,TRUE
3_105,0,вечір/ніч,30.571428571428573,13.685237092784115,7,51,автобус,23,2817,8,FALSE
3_105,0,вечірній пік,26.166666666666668,9.537644712750977,6,51,автобус,23,2817,8,TRUE
3_105,0,день,34.75,9.780546554722333,12,51,автобус,23,2817,8,FALSE
3_105,0,ранковий пік,27.714285714285715,6.473388749701496,7,51,автобус,23,2817,8,TRUE
3_105,1,вечір/ніч,29,11.661903789690601,7,51,автобус,23,2817,8,FALSE
3_105,1,вечірній пік,31.5,5.394441583704471,6,51,автобус,23,2817,8,TRUE
3_105,1,день,32.23076923076923,12.363614938964021,13,51,автобус,23,2817,8,FALSE
3_105,1,ранковий пік,23.375,8.05228450281569,8,51,автобус,23,2817,8,TRUE
3_107,0,вечір/ніч,66.33333333333333,30.89228598426043,3,52,автобус,13,1333,4,FALSE
3_107,0,вечірній пік,38.6,6.985699678629192,5,52,автобус,13,1333,4,TRUE
3_107,0,день,59.42857142857143,20.173060773030475,7,52,автобус,13,1333,4,FALSE
3_107,0,ранковий пік,33.4,4.03732584763727,5,52,автобус,13,1333,4,TRUE
3_107,1,вечір/ніч,82.5,9.192388155425117,2,52,автобус,13,1333,4,FALSE
3_107,1,вечірній пік,39.75,7.762087348130012,4,52,автобус,13,1333,4,TRUE
3_107,1,день,58.57142857142857,20.45203447791232,7,52,автобус,13,1333,4,FALSE
3_107,1,ранковий пік,35,4.47213595499958,5,52,автобус,13,1333,4,TRUE
3_108,0,вечір/ніч,51,1.7320508075688772,3,53,автобус,8,818,3,FALSE
3_108,0,вечірній пік,31.4,10.945318634009702,5,53,автобус,8,818,3,TRUE
3_108,0,день,43,12.516655570345725,10,53,автобус,8,818,3,FALSE
3_108,0,ранковий пік,31.666666666666668,11.690451944500122,6,53,автобус,8,818,3,TRUE
3_108,1,вечір/ніч,51,1.7320508075688772,3,53,автобус,8,818,3,FALSE
3_108,1,вечірній пік,30.333333333333332,10.01332445627658,6,53,автобус,8,818,3,TRUE
3_108,1,день,44.888888888888886,11.40662575484578,9,53,автобус,8,818,3,FALSE
3_108,1,ранковий пік,31.833333333333332,11.373946837693003,6,53,автобус,8,818,3,TRUE
3_109,0,вечір/ніч,35,10.03327796219494,4,54,автобус,7,707,4,FALSE
3_109,0,вечірній пік,34,8.94427190999916,5,54,автобус,7,707,4,TRUE
3_109,0,день,30.76923076923077,2.773500981126145,13,54,автобус,7,707,4,FALSE
3_109,0,ранковий пік,35,10.63014581273465,5,54,автобус,7,707,4,TRUE
3_109,1,вечір/ніч,35,10,4,54,автобус,7,707,4,FALSE
3_109,1,вечірній пік,34,8.94427190999916,5,54,автобус,7,707,4,TRUE
3_109,1,день,30.76923076923077,2.773500981126145,13,54,автобус,7,707,4,FALSE
3_109,1,ранковий пік,35,8.660254037844387,5,54,автобус,7,707,4,TRUE
3_111,0,вечір/ніч,28.285714285714285,5.1869800370506445,7,55,автобус,29,2969,6,FALSE
3_111,0,вечірній пік,16.90909090909091,3.2079446832682583,11,55,автобус,29,2969,6,TRUE
3_111,0,день,27.666666666666664,9.278751968623695,15,55,автобус,29,2969,6,FALSE
3_111,0,ранковий пік,16.90909090909091,3.300137738172316,11,55,автобус,29,2969,6,TRUE
3_111,1,вечір/ніч,24.11111111111111,8.176864381357387,9,55,автобус,29,2969,6,FALSE
3_111,1,вечірній пік,18,4.570436400267363,10,55,автобус,29,2969,6,TRUE
3_111,1,день,25.625,9.258329582957536,16,55,автобус,29,2969,6,FALSE
3_111,1,ранковий пік,19.77777777777778,7.677528537520681,9,55,автобус,29,2969,6,TRUE
3_113,0,вечір/ніч,24.25,6.2048368229954285,8,56,автобус,32,4130,5,FALSE
3_113,0,вечірній пік,23.375,4.808846015417836,8,56,автобус,32,4130,5,TRUE
3_113,0,день,23.77777777777778,6.311106508329353,18,56,автобус,32,4130,5,FALSE
3_113,0,ранковий пік,20.75,5.849297882163783,8,56,автобус,32,4130,5,TRUE
3_113,1,вечір/ніч,25.625,4.983902658989812,8,56,автобус,32,4130,5,FALSE
3_113,1,вечірній пік,22.875,3.943801646707328,8,56,автобус,32,4130,5,TRUE
3_113,1,день,24.529411764705884,6.718608924647493,17,56,автобус,32,4130,5,FALSE
3_113,1,ранковий пік,18.333333333333332,0.49999999999999994,9,56,автобус,32,4130,5,TRUE
3_115,0,вечір/ніч,33.333333333333336,9.66781602362533,6,57,автобус,13,2040,5,FALSE
3_115,0,вечірній пік,28.5,6.892024376045111,6,57,автобус,13,2040,5,TRUE
3_115,0,день,39.36363636363637,8.261630919772768,11,57,автобус,13,2040,5,FALSE
3_115,0,ранковий пік,27.666666666666668,3.983298465677241,6,57,автобус,13,2040,5,TRUE
3_115,1,вечір/ніч,36,11.704699910719626,5,57,автобус,13,2040,5,FALSE
3_115,1,вечірній пік,30.428571428571427,7.4801324154309565,7,57,автобус,13,2040,5,TRUE
3_115,1,день,40.5,6.450667493454543,10,57,автобус,13,2040,5,FALSE
3_115,1,ранковий пік,26,3.4641016151377544,7,57,автобус,13,2040,5,TRUE
3_116,0,вечірній пік,56.666666666666664,11.547005383792515,3,58,автобус,2,202,3,TRUE
3_116,0,день,52.875,10.90789360312718,8,58,автобус,2,202,3,FALSE
3_116,0,ранковий пік,47,NA,1,58,автобус,2,202,3,TRUE
3_116,1,вечірній пік,61,15.556349186104045,2,58,автобус,2,202,3,TRUE
3_116,1,день,52.875,10.90789360312718,8,58,автобус,2,202,3,FALSE
3_116,1,ранковий пік,47.5,3.5355339059327378,2,58,автобус,2,202,3,TRUE
3_12,0,вечір/ніч,38.4,4.219004621945797,5,108,автобус,25,3177,7,FALSE
3_12,0,вечірній пік,43.75,6.2915286960589585,4,108,автобус,25,3177,7,TRUE
3_12,0,день,39.54545454545455,5.680909018170179,11,108,автобус,25,3177,7,FALSE
3_12,0,ранковий пік,34.6,2.8809720581775866,5,108,автобус,25,3177,7,TRUE
3_12,1,вечір/ніч,36.166666666666664,2.041241452319315,6,108,автобус,25,3177,7,FALSE
3_12,1,вечірній пік,46.25,2.5,4,108,автобус,25,3177,7,TRUE
3_12,1,день,39.54545454545455,5.680909018170179,11,108,автобус,25,3177,7,FALSE
3_12,1,ранковий пік,37,4.47213595499958,5,108,автобус,25,3177,7,TRUE
3_120,0,вечір/ніч,42,7.582875444051551,5,6,автобус,25,3419,7,FALSE
3_120,0,вечірній пік,51.666666666666664,2.886751345948129,3,6,автобус,25,3419,7,TRUE
3_120,0,день,58.75,6.408699444616557,8,6,автобус,25,3419,7,FALSE
3_120,0,ранковий пік,41.666666666666664,5.773502691896258,3,6,автобус,25,3419,7,TRUE
3_120,1,вечір/ніч,56.666666666666664,5.773502691896258,3,6,автобус,25,3419,7,FALSE
3_120,1,вечірній пік,47.5,2.886751345948129,4,6,автобус,25,3419,7,TRUE
3_120,1,день,58.57142857142857,7.7213371652225895,7,6,автобус,25,3419,7,FALSE
3_120,1,ранковий пік,47.5,13.228756555322953,4,6,автобус,25,3419,7,TRUE
3_124,0,вечір/ніч,31.375,12.749649855136077,8,63,автобус,36,4607,6,FALSE
3_124,0,вечірній пік,20.25,8.310922245541018,8,63,автобус,36,4607,6,TRUE
3_124,0,день,32.69230769230769,10.152049180539985,13,63,автобус,36,4607,6,FALSE
3_124,0,ранковий пік,21.5,2.2677868380553634,8,63,автобус,36,4607,6,TRUE
3_124,1,вечір/ніч,29.166666666666668,16.228575620388458,6,63,автобус,36,4607,6,FALSE
3_124,1,вечірній пік,24.625,7.3082634247620195,8,63,автобус,36,4607,6,TRUE
3_124,1,день,29.285714285714285,13.436051225247416,14,63,автобус,36,4607,6,FALSE
3_124,1,ранковий пік,26.875,10.357019703701308,8,63,автобус,36,4607,6,TRUE
3_127,0,вечір/ніч,30,0,5,69,автобус,28,3381,5,FALSE
3_127,0,вечірній пік,23.571428571428573,3.8234863173611093,7,69,автобус,28,3381,5,TRUE
3_127,0,день,28.666666666666668,7.898161329129228,15,69,автобус,28,3381,5,FALSE
3_127,0,ранковий пік,22.22222222222222,6.666666666666668,9,69,автобус,28,3381,5,TRUE
3_127,1,вечір/ніч,27.142857142857142,4.879500364742666,7,69,автобус,28,3381,5,FALSE
3_127,1,вечірній пік,24.285714285714285,4.4986770542121866,7,69,автобус,28,3381,5,TRUE
3_127,1,день,29.285714285714285,7.809546144880059,14,69,автобус,28,3381,5,FALSE
3_127,1,ранковий пік,21.666666666666668,3.5355339059327378,9,69,автобус,28,3381,5,TRUE
3_129,0,вечірній пік,33,6.708203932499369,5,7,автобус,5,510,3,TRUE
3_129,0,день,40.90909090909091,10.444659357341871,11,7,автобус,5,510,3,FALSE
3_129,0,ранковий пік,32,2.7386127875258306,5,7,автобус,5,510,3,TRUE
3_129,1,вечір/ніч,35,NA,1,7,автобус,5,510,3,FALSE
3_129,1,вечірній пік,34,6.519202405202649,5,7,автобус,5,510,3,TRUE
3_129,1,день,41.5,10.814085465005556,10,7,автобус,5,510,3,FALSE
3_129,1,ранковий пік,31.666666666666668,2.581988897471611,6,7,автобус,5,510,3,TRUE
3_13,0,вечір/ніч,20,1.8973665961010275,11,11,автобус,17,1912,3,FALSE
3_13,0,вечірній пік,20.444444444444443,5.725188012439223,9,11,автобус,17,1912,3,TRUE
3_13,0,день,21.842105263157894,4.6816801102778,19,11,автобус,17,1912,3,FALSE
3_13,0,ранковий пік,21.375,6.345695954176906,8,11,автобус,17,1912,3,TRUE
3_13,1,вечір/ніч,20.416666666666668,2.02072594216369,12,11,автобус,17,1912,3,FALSE
3_13,1,вечірній пік,22,8.093207028119323,9,11,автобус,17,1912,3,TRUE
3_13,1,день,21.57894736842105,4.100349435972015,19,11,автобус,17,1912,3,FALSE
3_13,1,ранковий пік,19.625,4.983902658989812,8,11,автобус,17,1912,3,TRUE
3_133,0,вечір/ніч,40,9.354143466934854,5,72,автобус,16,1884,4,FALSE
3_133,0,вечірній пік,33,7.582875444051551,5,72,автобус,16,1884,4,TRUE
3_133,0,день,45.55555555555556,5.270462766947298,9,72,автобус,16,1884,4,FALSE
3_133,0,ранковий пік,32.5,2.7386127875258306,6,72,автобус,16,1884,4,TRUE
3_133,1,вечір/ніч,38,8.366600265340756,5,72,автобус,16,1884,4,FALSE
3_133,1,вечірній пік,36,8.94427190999916,5,72,автобус,16,1884,4,TRUE
3_133,1,день,43,8.881941729649485,10,72,автобус,16,1884,4,FALSE
3_133,1,ранковий пік,34,2.23606797749979,5,72,автобус,16,1884,4,TRUE
3_135,0,вечір/ніч,26.428571428571427,4.7559486560567095,7,73,автобус,20,2709,7,FALSE
3_135,0,вечірній пік,27.142857142857142,6.362090102803518,7,73,автобус,20,2709,7,TRUE
3_135,0,день,24.41176470588235,3.501050262589281,17,73,автобус,20,2709,7,FALSE
3_135,0,ранковий пік,24.285714285714285,4.535573676110727,7,73,автобус,20,2709,7,TRUE
3_135,1,вечір/ніч,30.333333333333332,4.546060565661952,6,73,автобус,20,2709,7,FALSE
3_135,1,вечірній пік,22.857142857142858,3.484660262185848,7,73,автобус,20,2709,7,TRUE
3_135,1,день,25.470588235294116,3.429971702850177,17,73,автобус,20,2709,7,FALSE
3_135,1,ранковий пік,23.125,3.8706773124535787,8,73,автобус,20,2709,7,TRUE
3_14,0,вечір/ніч,39,2.23606797749979,5,111,автобус,24,2474,4,FALSE
3_14,0,вечірній пік,35.8,5.449770637375485,5,111,автобус,24,2474,4,TRUE
3_14,0,день,39.6,2.756809750418044,10,111,автобус,24,2474,4,FALSE
3_14,0,ранковий пік,30,5.176871642217914,6,111,автобус,24,2474,4,TRUE
3_14,1,вечір/ніч,35.6,6.06630035524124,5,111,автобус,24,2474,4,FALSE
3_14,1,вечірній пік,37.6,3.714835124201342,5,111,автобус,24,2474,4,TRUE
3_14,1,день,38.36363636363637,4.342182107482993,11,111,автобус,24,2474,4,FALSE
3_14,1,ранковий пік,32.4,6.9498201415576215,5,111,автобус,24,2474,4,TRUE
3_140,0,вечір/ніч,58,NA,1,75,автобус,5,510,3,FALSE
3_140,0,вечірній пік,68.33333333333333,14.433756729740644,3,75,автобус,5,510,3,TRUE
3_140,0,день,74.16666666666667,16.714265364252977,6,75,автобус,5,510,3,FALSE
3_140,0,ранковий пік,60.666666666666664,1.1547005383792515,3,75,автобус,5,510,3,TRUE
3_140,1,вечір/ніч,60,NA,1,75,автобус,5,510,3,FALSE
3_140,1,вечірній пік,68.33333333333333,14.433756729740644,3,75,автобус,5,510,3,TRUE
3_140,1,день,74.16666666666667,16.714265364252977,6,75,автобус,5,510,3,FALSE
3_140,1,ранковий пік,60,0,2,75,автобус,5,510,3,TRUE
3_142,0,день,33.72727272727273,8.050973967054036,11,77,автобус,11,1154,4,FALSE
3_142,0,ранковий пік,29.75,0.5,4,77,автобус,11,1154,4,TRUE
3_142,1,день,33.63636363636363,8.090398349558905,11,77,автобус,11,1154,4,FALSE
3_142,1,ранковий пік,30,0,4,77,автобус,11,1154,4,TRUE
3_15,0,вечір/ніч,28.75,9.602826964716469,8,17,автобус,9,1179,3,FALSE
3_15,0,вечірній пік,15,0,10,17,автобус,9,1179,3,TRUE
3_15,0,день,29.333333333333332,9.107819769427861,15,17,автобус,9,1179,3,FALSE
3_15,0,ранковий пік,15,0,11,17,автобус,9,1179,3,TRUE
3_15,1,вечір/ніч,24.5,7.153087911291645,10,17,автобус,9,1179,3,FALSE
3_15,1,вечірній пік,16.5,4.743416490252569,10,17,автобус,9,1179,3,TRUE
3_15,1,день,28.333333333333336,9.824653150305588,15,17,автобус,9,1179,3,FALSE
3_15,1,ранковий пік,16.363636363636363,4.522670168666455,11,17,автобус,9,1179,3,TRUE
3_150,0,вечір/ніч,40,NA,1,78,автобус,8,818,6,FALSE
3_150,0,вечірній пік,46.25,7.5,4,78,автобус,8,818,6,TRUE
3_150,0,день,77.5,16.583123951777,4,78,автобус,8,818,6,FALSE
3_150,0,ранковий пік,41,2.70801280154532,4,78,автобус,8,818,6,TRUE
3_150,1,вечір/ніч,40,NA,1,78,автобус,8,818,6,FALSE
3_150,1,вечірній пік,46.25,7.5,4,78,автобус,8,818,6,TRUE
3_150,1,день,86,8.215838362577491,5,78,автобус,8,818,6,FALSE
3_150,1,ранковий пік,41.25,4.7871355387816905,4,78,автобус,8,818,6,TRUE
3_151,0,вечір/ніч,46.666666666666664,11.547005383792516,3,79,автобус,15,1743,3,FALSE
3_151,0,вечірній пік,44,8.94427190999916,5,79,автобус,15,1743,3,TRUE
3_151,0,день,44.44444444444444,8.81917103688197,9,79,автобус,15,1743,3,FALSE
3_151,0,ранковий пік,40,0,4,79,автобус,15,1743,3,TRUE
3_151,1,вечір/ніч,45,10,4,79,автобус,15,1743,3,FALSE
3_151,1,вечірній пік,40,0,4,79,автобус,15,1743,3,TRUE
3_151,1,день,44.44444444444444,8.819171036881968,9,79,автобус,15,1743,3,FALSE
3_151,1,ранковий пік,45,10,4,79,автобус,15,1743,3,TRUE
3_161,0,вечір/ніч,30.142857142857142,6.440201120787338,7,81,автобус,5,741,3,FALSE
3_161,0,вечірній пік,17.454545454545453,4.824181513244218,11,81,автобус,5,741,3,TRUE
3_161,0,день,30.76923076923077,4.437601569801833,13,81,автобус,5,741,3,FALSE
3_161,0,ранковий пік,17.454545454545453,4.824181513244218,11,81,автобус,5,741,3,TRUE
3_161,1,вечір/ніч,32,0,6,81,автобус,5,741,3,FALSE
3_161,1,вечірній пік,17.454545454545453,4.824181513244218,11,81,автобус,5,741,3,TRUE
3_161,1,день,30.76923076923077,4.437601569801833,13,81,автобус,5,741,3,FALSE
3_161,1,ранковий пік,17.6,5.059644256269407,10,81,автобус,5,741,3,TRUE
3_166,0,вечір/ніч,41.6,12.541929676090518,5,87,автобус,9,1121,6,FALSE
3_166,0,вечірній пік,43.75,8.539125638299666,4,87,автобус,9,1121,6,TRUE
3_166,0,день,41.5,7.720823214600313,10,87,автобус,9,1121,6,FALSE
3_166,0,ранковий пік,41.25,9.5,4,87,автобус,9,1121,6,TRUE
3_166,1,вечір/ніч,37,21.38924963620744,5,87,автобус,9,1121,6,FALSE
3_166,1,вечірній пік,47,5.715476066494082,4,87,автобус,9,1121,6,TRUE
3_166,1,день,42.2,8.403702887550358,10,87,автобус,9,1121,6,FALSE
3_166,1,ранковий пік,35,4.08248290463863,4,87,автобус,9,1121,6,TRUE
3_170,0,вечір/ніч,58,1.7320508075688772,3,9,автобус,19,2398,4,FALSE
3_170,0,вечірній пік,36.25,0.5,4,9,автобус,19,2398,4,TRUE
3_170,0,день,56.875,2.6423744732991303,8,9,автобус,19,2398,4,FALSE
3_170,0,ранковий пік,36,1.4142135623730951,4,9,автобус,19,2398,4,TRUE
3_170,1,вечір/ніч,48,9.899494936611665,4,9,автобус,19,2398,4,FALSE
3_170,1,вечірній пік,41.5,10.344080432788601,4,9,автобус,19,2398,4,TRUE
3_170,1,день,53.875,7.567552916422662,8,9,автобус,19,2398,4,FALSE
3_170,1,ранковий пік,41.5,12.36931687685298,4,9,автобус,19,2398,4,TRUE
3_171,0,вечір/ніч,47.5,2.886751345948129,4,90,автобус,26,3025,5,FALSE
3_171,0,вечірній пік,41.25,7.5,4,90,автобус,26,3025,5,TRUE
3_171,0,день,44,8.096638534327413,10,90,автобус,26,3025,5,FALSE
3_171,0,ранковий пік,32,2.7386127875258306,5,90,автобус,26,3025,5,TRUE
3_171,1,вечір/ніч,42.5,8.660254037844387,4,90,автобус,26,3025,5,FALSE
3_171,1,вечірній пік,45,7.0710678118654755,4,90,автобус,26,3025,5,TRUE
3_171,1,день,43,8.563488385776752,10,90,автобус,26,3025,5,FALSE
3_171,1,ранковий пік,35,6.123724356957945,5,90,автобус,26,3025,5,TRUE
3_172,0,вечір/ніч,32,6.870225614927067,6,91,автобус,7,1055,4,FALSE
3_172,0,вечірній пік,30.833333333333332,5.84522597225006,6,91,автобус,7,1055,4,TRUE
3_172,0,день,34.61538461538461,9.403354556916215,13,91,автобус,7,1055,4,FALSE
3_172,0,ранковий пік,25.5,3.5071355833500366,6,91,автобус,7,1055,4,TRUE
3_172,1,вечір/ніч,29.857142857142858,9.668308563352252,7,91,автобус,7,1055,4,FALSE
3_172,1,вечірній пік,30,5.477225575051661,6,91,автобус,7,1055,4,TRUE
3_172,1,день,36.25,4.330127018922194,12,91,автобус,7,1055,4,FALSE
3_172,1,ранковий пік,26,10.019980039900279,6,91,автобус,7,1055,4,TRUE
3_177,0,вечір/ніч,31.875,5.566160513059505,8,95,автобус,24,2624,5,FALSE
3_177,0,вечірній пік,29.166666666666668,5.382068994974579,6,95,автобус,24,2624,5,TRUE
3_177,0,день,33.5,8.959504856448667,12,95,автобус,24,2624,5,FALSE
3_177,0,ранковий пік,26.142857142857142,7.625146368618581,7,95,автобус,24,2624,5,TRUE
3_177,1,вечір/ніч,31.666666666666668,5.391351098441527,6,95,автобус,24,2624,5,FALSE
3_177,1,вечірній пік,26.428571428571427,8.753230696094306,7,95,автобус,24,2624,5,TRUE
3_177,1,день,33.75,4.956630086881794,12,95,автобус,24,2624,5,FALSE
3_177,1,ранковий пік,27.142857142857142,7.603257447273755,7,95,автобус,24,2624,5,TRUE
3_178,0,вечір/ніч,39,6.519202405202649,5,97,автобус,17,1752,4,FALSE
3_178,0,вечірній пік,41.25,2.5,4,97,автобус,17,1752,4,TRUE
3_178,0,день,37.916666666666664,6.200562046860729,12,97,автобус,17,1752,4,FALSE
3_178,0,ранковий пік,36.25,2.5,4,97,автобус,17,1752,4,TRUE
3_178,1,вечір/ніч,40,6.123724356957945,5,97,автобус,17,1752,4,FALSE
3_178,1,вечірній пік,41.25,2.5,4,97,автобус,17,1752,4,TRUE
3_178,1,день,36.36363636363637,2.975658826973525,11,97,автобус,17,1752,4,FALSE
3_178,1,ранковий пік,41.25,9.464847243000456,4,97,автобус,17,1752,4,TRUE
3_179,0,вечір/ніч,27.8,3.03315017762062,5,97к,автобус,19,1977,3,FALSE
3_179,0,вечірній пік,35.2,5.019960159204453,5,97к,автобус,19,1977,3,TRUE
3_179,0,день,29.642857142857142,4.986244815754374,14,97к,автобус,19,1977,3,FALSE
3_179,0,ранковий пік,29.285714285714285,5.822779568622009,7,97к,автобус,19,1977,3,TRUE
3_179,1,вечір/ніч,28.25,3.5,4,97к,автобус,19,1977,3,FALSE
3_179,1,вечірній пік,34,7.106335201775948,5,97к,автобус,19,1977,3,TRUE
3_179,1,день,29.666666666666668,5.037951208671276,15,97к,автобус,19,1977,3,FALSE
3_179,1,ранковий пік,30.4,7.162401831787993,5,97к,автобус,19,1977,3,TRUE
3_18,0,вечір/ніч,40.5,19.82422760159901,4,119,автобус,28,2903,5,FALSE
3_18,0,вечірній пік,31.833333333333332,9.108603991099113,6,119,автобус,28,2903,5,TRUE
3_18,0,день,39.45454545454545,9.913260173763586,11,119,автобус,28,2903,5,FALSE
3_18,0,ранковий пік,30.6,10.406728592598157,5,119,автобус,28,2903,5,TRUE
3_18,1,вечір/ніч,35,0,5,119,автобус,28,2903,5,FALSE
3_18,1,вечірній пік,30,8.648699324175862,6,119,автобус,28,2903,5,TRUE
3_18,1,день,35,3.692744729379982,12,119,автобус,28,2903,5,FALSE
3_18,1,ранковий пік,33,15.346009253222807,5,119,автобус,28,2903,5,TRUE
3_180,0,вечір/ніч,60,0,2,98,автобус,9,924,6,FALSE
3_180,0,вечірній пік,68.33333333333333,14.433756729740644,3,98,автобус,9,924,6,TRUE
3_180,0,день,64.16666666666667,6.645800679125628,6,98,автобус,9,924,6,FALSE
3_180,0,ранковий пік,66.66666666666667,11.547005383792516,3,98,автобус,9,924,6,TRUE
3_180,1,вечір/ніч,72.5,17.67766952966369,2,98,автобус,9,924,6,FALSE
3_180,1,вечірній пік,60,0,2,98,автобус,9,924,6,TRUE
3_180,1,день,66.42857142857143,8.521681032463468,7,98,автобус,9,924,6,FALSE
3_180,1,ранковий пік,60,0,3,98,автобус,9,924,6,TRUE
3_189,0,вечір/ніч,10.478260869565217,2.409631530062623,23,99,автобус,22,3222,5,FALSE
3_189,0,вечірній пік,6.666666666666667,0.8770580193070292,27,99,автобус,22,3222,5,TRUE
3_189,0,день,11.675675675675674,2.5717920044424494,37,99,автобус,22,3222,5,FALSE
3_189,0,ранковий пік,6.615384615384615,1.6751578570850705,26,99,автобус,22,3222,5,TRUE
3_189,1,вечір/ніч,10,3.1874754901018454,26,99,автобус,22,3222,5,FALSE
3_189,1,вечірній пік,6.703703703703703,0.8688991627258914,27,99,автобус,22,3222,5,TRUE
3_189,1,день,11.157894736842106,2.3194397714717803,38,99,автобус,22,3222,5,FALSE
3_189,1,ранковий пік,6.666666666666666,1.3301243435223524,27,99,автобус,22,3222,5,TRUE
3_20,0,вечір/ніч,33,1,3,12,автобус,14,1414,4,FALSE
3_20,0,вечірній пік,42.5,5,4,12,автобус,14,1414,4,TRUE
3_20,0,день,35.833333333333336,5.589492306321231,12,12,автобус,14,1414,4,FALSE
3_20,0,ранковий пік,32.666666666666664,0.8164965809277259,6,12,автобус,14,1414,4,TRUE
3_20,1,вечір/ніч,33.333333333333336,1.5275252316519468,3,12,автобус,14,1414,4,FALSE
3_20,1,вечірній пік,40.6,6.066300355241241,5,12,автобус,14,1414,4,TRUE
3_20,1,день,35.833333333333336,5.589492306321231,12,12,автобус,14,1414,4,FALSE
3_20,1,ранковий пік,32.4,0.5477225575051661,5,12,автобус,14,1414,4,TRUE
3_21,0,вечір/ніч,71.5,4.949747468305833,2,24,автобус,9,919,5,FALSE
3_21,0,вечірній пік,37.5,0.5773502691896257,4,24,автобус,9,919,5,TRUE
3_21,0,день,59.714285714285715,13.756383799461807,7,24,автобус,9,919,5,FALSE
3_21,0,ранковий пік,37.333333333333336,0.5773502691896258,3,24,автобус,9,919,5,TRUE
3_21,1,вечір/ніч,77,NA,1,24,автобус,9,919,5,FALSE
3_21,1,вечірній пік,45.25,15.173990905493518,4,24,автобус,9,919,5,TRUE
3_21,1,день,58.142857142857146,16.24221425205085,7,24,автобус,9,919,5,FALSE
3_21,1,ранковий пік,40,4.08248290463863,4,24,автобус,9,919,5,TRUE
3_25,0,вечір/ніч,43.333333333333336,12.583057392117915,3,14,автобус,22,2328,4,FALSE
3_25,0,вечірній пік,26.666666666666668,3.1411250638372654,6,14,автобус,22,2328,4,TRUE
3_25,0,день,58.57142857142857,9.44911182523068,7,14,автобус,22,2328,4,FALSE
3_25,0,ранковий пік,27.857142857142858,4.634241089562614,7,14,автобус,22,2328,4,TRUE
3_25,1,вечір/ніч,50,7.0710678118654755,2,14,автобус,22,2328,4,FALSE
3_25,1,вечірній пік,30.714285714285715,10.965313275875669,7,14,автобус,22,2328,4,TRUE
3_25,1,день,55.714285714285715,13.047532151257387,7,14,автобус,22,2328,4,FALSE
3_25,1,ранковий пік,27.142857142857142,2.6726124191242437,7,14,автобус,22,2328,4,TRUE
3_281,0,вечір/ніч,32.857142857142854,9.957050624700928,7,25,автобус,28,2847,5,FALSE
3_281,0,вечірній пік,32.2,9.418067742376884,5,25,автобус,28,2847,5,TRUE
3_281,0,день,38.63636363636363,5.277740563398835,11,25,автобус,28,2847,5,FALSE
3_281,0,ранковий пік,29,8.414273587185052,6,25,автобус,28,2847,5,TRUE
3_281,1,вечір/ніч,34.2,11.64903429473877,5,25,автобус,28,2847,5,FALSE
3_281,1,вечірній пік,30.166666666666668,7.413950813612582,6,25,автобус,28,2847,5,TRUE
3_281,1,день,33.61538461538461,11.67289211191512,13,25,автобус,28,2847,5,FALSE
3_281,1,ранковий пік,24.428571428571427,2.439750182371333,7,25,автобус,28,2847,5,TRUE
3_3,0,вечір/ніч,70,14.142135623730951,2,10,автобус,3,303,2,FALSE
3_3,0,вечірній пік,66.66666666666667,11.547005383792516,3,10,автобус,3,303,2,TRUE
3_3,0,день,66.66666666666667,10.327955589886445,6,10,автобус,3,303,2,FALSE
3_3,0,ранковий пік,60,0,3,10,автобус,3,303,2,TRUE
3_3,1,вечір/ніч,70,14.142135623730951,2,10,автобус,3,303,2,FALSE
3_3,1,вечірній пік,60,0,2,10,автобус,3,303,2,TRUE
3_3,1,день,68.57142857142857,10.690449676496975,7,10,автобус,3,303,2,FALSE
3_3,1,ранковий пік,60,0,2,10,автобус,3,303,2,TRUE
3_304,0,вечір/ніч,33,4,5,62,автобус,15,1550,7,FALSE
3_304,0,вечірній пік,43.75,2.5,4,62,автобус,15,1550,7,TRUE
3_304,0,день,39.09090909090909,4.989078982227991,11,62,автобус,15,1550,7,FALSE
3_304,0,ранковий пік,33,3.3166247903554,5,62,автобус,15,1550,7,TRUE
3_304,1,вечір/ніч,30.833333333333332,2.041241452319315,6,62,автобус,15,1550,7,FALSE
3_304,1,вечірній пік,41,4.183300132670378,5,62,автобус,15,1550,7,TRUE
3_304,1,день,39.09090909090909,4.928580839441419,11,62,автобус,15,1550,7,FALSE
3_304,1,ранковий пік,34,6.519202405202649,5,62,автобус,15,1550,7,TRUE
3_309,0,вечір/ніч,33.125,13.757465505784745,8,115,автобус,18,2165,7,FALSE
3_309,0,вечірній пік,39,7.788880963698615,4,115,автобус,18,2165,7,TRUE
3_309,0,день,29.066666666666666,8.721620644505624,15,115,автобус,18,2165,7,FALSE
3_309,0,ранковий пік,28,9.486832980505138,6,115,автобус,18,2165,7,TRUE
3_309,1,вечір/ніч,35.625,6.2091522310675735,8,115,автобус,18,2165,7,FALSE
3_309,1,вечірній пік,41.5,6.757711644237764,4,115,автобус,18,2165,7,TRUE
3_309,1,день,26.5,9.179687721631202,16,115,автобус,18,2165,7,FALSE
3_309,1,ранковий пік,35.6,5.683308895353129,5,115,автобус,18,2165,7,TRUE
3_310,0,вечір/ніч,26.285714285714285,7.4097747539828704,7,110,автобус,23,2398,5,FALSE
3_310,0,вечірній пік,23.25,1.9820624179302297,8,110,автобус,23,2398,5,TRUE
3_310,0,день,30.071428571428573,5.85023715119949,14,110,автобус,23,2398,5,FALSE
3_310,0,ранковий пік,22.375,4.470139019889969,8,110,автобус,23,2398,5,TRUE
3_310,1,вечір/ніч,24.857142857142858,7.733661733585444,7,110,автобус,23,2398,5,FALSE
3_310,1,вечірній пік,25.285714285714285,3.728908942943218,7,110,автобус,23,2398,5,TRUE
3_310,1,день,30.357142857142858,6.946024240330058,14,110,автобус,23,2398,5,FALSE
3_310,1,ранковий пік,21.75,4.432026302139591,8,110,автобус,23,2398,5,TRUE
3_34,0,вечір/ніч,26.5,8.514693182963201,10,18,автобус,15,1861,3,FALSE
3_34,0,вечірній пік,15,0,10,18,автобус,15,1861,3,TRUE
3_34,0,день,30.357142857142858,9.29521914217728,14,18,автобус,15,1861,3,FALSE
3_34,0,ранковий пік,15,0,12,18,автобус,15,1861,3,TRUE
3_34,1,вечір/ніч,27.5,8.451542547285166,8,18,автобус,15,1861,3,FALSE
3_34,1,вечірній пік,15,0,11,18,автобус,15,1861,3,TRUE
3_34,1,день,30.357142857142858,9.29521914217728,14,18,автобус,15,1861,3,FALSE
3_34,1,ранковий пік,15,0,12,18,автобус,15,1861,3,TRUE
3_36,0,вечір/ніч,48.25,5.9651767227244274,4,19,автобус,9,909,3,FALSE
3_36,0,вечірній пік,54.666666666666664,18.475208614068023,3,19,автобус,9,909,3,TRUE
3_36,0,день,49.44444444444444,8.81917103688197,9,19,автобус,9,909,3,FALSE
3_36,0,ранковий пік,45,0,4,19,автобус,9,909,3,TRUE
3_36,1,вечір/ніч,48,6,4,19,автобус,9,909,3,FALSE
3_36,1,вечірній пік,52,16.020819787597222,4,19,автобус,9,909,3,TRUE
3_36,1,день,49.44444444444444,8.81917103688197,9,19,автобус,9,909,3,FALSE
3_36,1,ранковий пік,45,0,3,19,автобус,9,909,3,TRUE
3_377,0,вечірній пік,118,NA,1,105,автобус,5,505,3,TRUE
3_385,0,вечір/ніч,17.615384615384617,2.3992520201950973,13,114,автобус,34,4165,6,FALSE
3_385,0,вечірній пік,12.428571428571429,3.4354326950469867,14,114,автобус,34,4165,6,TRUE
3_385,0,день,16.03846153846154,3.934267598735696,26,114,автобус,34,4165,6,FALSE
3_385,0,ранковий пік,12,2.2038926600773587,15,114,автобус,34,4165,6,TRUE
3_385,1,вечір/ніч,14.571428571428571,2.7932414507517604,14,114,автобус,34,4165,6,FALSE
3_385,1,вечірній пік,15.25,2.490892501603683,12,114,автобус,34,4165,6,TRUE
3_385,1,день,16.68,2.478574859336174,25,114,автобус,34,4165,6,FALSE
3_385,1,ранковий пік,12.066666666666666,4.026105290417006,15,114,автобус,34,4165,6,TRUE
3_39,0,вечір/ніч,46,1.4142135623730951,2,2,автобус,11,1159,5,FALSE
3_39,0,вечірній пік,38.2,11.670475568716126,5,2,автобус,11,1159,5,TRUE
3_39,0,день,44.44444444444444,5.833333333333333,9,2,автобус,11,1159,5,FALSE
3_39,0,ранковий пік,35.4,7.469939758793239,5,2,автобус,11,1159,5,TRUE
3_39,1,вечір/ніч,41,5.656854249492381,2,2,автобус,11,1159,5,FALSE
3_39,1,вечірній пік,43.75,10.436314802968846,4,2,автобус,11,1159,5,TRUE
3_39,1,день,41.81818181818182,7.833494518006402,11,2,автобус,11,1159,5,FALSE
3_39,1,ранковий пік,35.75,7.22841614740048,4,2,автобус,11,1159,5,TRUE
3_40,0,вечір/ніч,26.714285714285715,6.550172662209898,7,20,автобус,23,2373,5,FALSE
3_40,0,вечірній пік,21.22222222222222,5.3567195599960655,9,20,автобус,23,2373,5,TRUE
3_40,0,день,30.285714285714285,3.729891139441996,14,20,автобус,23,2373,5,FALSE
3_40,0,ранковий пік,17.3,6.717307661721489,10,20,автобус,23,2373,5,TRUE
3_40,1,вечір/ніч,26.375,5.50162313711664,8,20,автобус,23,2373,5,FALSE
3_40,1,вечірній пік,19.444444444444443,2.9202359113225387,9,20,автобус,23,2373,5,TRUE
3_40,1,день,27.866666666666667,8.087615458806372,15,20,автобус,23,2373,5,FALSE
3_40,1,ранковий пік,17.1,3.7549966711037177,10,20,автобус,23,2373,5,TRUE
3_408,0,вечір/ніч,41.75,2.362907813126304,4,90к,автобус,8,846,3,FALSE
3_408,0,вечірній пік,44,9.38083151964686,4,90к,автобус,8,846,3,TRUE
3_408,0,день,51.75,15.021413287133043,8,90к,автобус,8,846,3,FALSE
3_408,0,ранковий пік,44.5,10.214368964029708,4,90к,автобус,8,846,3,TRUE
3_408,1,вечір/ніч,40,0,4,90к,автобус,8,846,3,FALSE
3_408,1,вечірній пік,45.5,8.736894948054104,4,90к,автобус,8,846,3,TRUE
3_408,1,день,51.625,15.472902581148576,8,90к,автобус,8,846,3,FALSE
3_408,1,ранковий пік,44.5,9.03696114115064,4,90к,автобус,8,846,3,TRUE
3_420,0,вечірній пік,7.5,1.744556751977294,24,1т,автобус,NA,NA,2,TRUE
3_420,0,день,9.166666666666666,2.1369760566432814,6,1т,автобус,NA,NA,2,FALSE
3_420,0,ранковий пік,9.363636363636365,8.588727133064234,22,1т,автобус,NA,NA,2,TRUE
3_420,1,вечір/ніч,22,21.702534414210707,3,1т,автобус,NA,NA,2,FALSE
3_420,1,вечірній пік,7.2272727272727275,2.0454785953372094,22,1т,автобус,NA,NA,2,TRUE
3_420,1,день,4,NA,1,1т,автобус,NA,NA,2,FALSE
3_420,1,ранковий пік,6.857142857142857,2.555106930946615,21,1т,автобус,NA,NA,2,TRUE
3_425,0,вечірній пік,15,1.348399724926484,12,3т,автобус,NA,NA,2,TRUE
3_425,0,день,18.75,5.315072906367325,4,3т,автобус,NA,NA,2,FALSE
3_425,0,ранковий пік,14.7,5.457919831665621,10,3т,автобус,NA,NA,2,TRUE
3_425,1,вечірній пік,14.8,1.3165611772087666,10,3т,автобус,NA,NA,2,TRUE
3_425,1,день,16.4,2.8809720581775866,5,3т,автобус,NA,NA,2,FALSE
3_425,1,ранковий пік,15.636363636363637,6.168836637044739,11,3т,автобус,NA,NA,2,TRUE
3_459,0,вечір/ніч,32.25,8.99536917900909,4,35к,автобус,7,727,3,FALSE
3_459,0,вечірній пік,33.6,10.876580344942983,5,35к,автобус,7,727,3,TRUE
3_459,0,день,35.166666666666664,6.991336630343865,12,35к,автобус,7,727,3,FALSE
3_459,0,ранковий пік,34.2,13.007690033207279,5,35к,автобус,7,727,3,TRUE
3_459,1,вечір/ніч,32.5,9.46924847422786,4,35к,автобус,7,727,3,FALSE
3_459,1,вечірній пік,33,10.816653826391969,5,35к,автобус,7,727,3,TRUE
3_459,1,день,35.416666666666664,8.659816640231146,12,35к,автобус,7,727,3,FALSE
3_459,1,ранковий пік,34,13.152946437965905,5,35к,автобус,7,727,3,TRUE
3_460,0,вечір/ніч,30,5,7,33т,автобус,31,3819,3,FALSE
3_460,0,вечірній пік,23.75,5.8248237251071755,8,33т,автобус,31,3819,3,TRUE
3_460,0,день,29.285714285714285,8.109145562773046,14,33т,автобус,31,3819,3,FALSE
3_460,0,ранковий пік,20,0,9,33т,автобус,31,3819,3,TRUE
3_460,1,вечір/ніч,28.571428571428573,6.267831705280087,7,33т,автобус,31,3819,3,FALSE
3_460,1,вечірній пік,23.125,4.580626906564522,8,33т,автобус,31,3819,3,TRUE
3_460,1,день,32.30769230769231,3.8812501290309243,13,33т,автобус,31,3819,3,FALSE
3_460,1,ранковий пік,20.555555555555557,1.6666666666666667,9,33т,автобус,31,3819,3,TRUE
3_49,0,вечір/ніч,21.5,5.816642788871716,10,21,автобус,30,4139,6,FALSE
3_49,0,вечірній пік,17.7,3.622460796505909,10,21,автобус,30,4139,6,TRUE
3_49,0,день,27.125,5.818075283115543,16,21,автобус,30,4139,6,FALSE
3_49,0,ранковий пік,17.4,3.134042472944842,10,21,автобус,30,4139,6,TRUE
3_49,1,вечір/ніч,22.272727272727273,6.373239507360586,11,21,автобус,30,4139,6,FALSE
3_49,1,вечірній пік,17.8,3.9384147967311818,10,21,автобус,30,4139,6,TRUE
3_49,1,день,28.714285714285715,4.158930547232462,14,21,автобус,30,4139,6,FALSE
3_49,1,ранковий пік,16.363636363636363,0.8090398349558905,11,21,автобус,30,4139,6,TRUE
3_51,0,вечір/ніч,18,4.853406592853679,10,22,автобус,42,5188,5,FALSE
3_51,0,вечірній пік,14.333333333333334,2.188122205883115,12,22,автобус,42,5188,5,TRUE
3_51,0,день,16.153846153846153,2.3270978955309585,26,22,автобус,42,5188,5,FALSE
3_51,0,ранковий пік,14.142857142857142,3.9585767228045072,14,22,автобус,42,5188,5,TRUE
3_51,1,вечір/ніч,17.5,4.871064845315932,12,22,автобус,42,5188,5,FALSE
3_51,1,вечірній пік,14.818181818181818,3.027149874657078,11,22,автобус,42,5188,5,TRUE
3_51,1,день,17,4.743416490252569,25,22,автобус,42,5188,5,FALSE
3_51,1,ранковий пік,12.133333333333333,0.5163977794943222,15,22,автобус,42,5188,5,TRUE
3_52,0,вечір/ніч,44,9.273618495495704,5,23,автобус,14,1611,4,FALSE
3_52,0,вечірній пік,33,2.7386127875258306,5,23,автобус,14,1611,4,TRUE
3_52,0,день,44.44444444444444,6.247221604663771,9,23,автобус,14,1611,4,FALSE
3_52,0,ранковий пік,31.666666666666668,4.0824829046386295,6,23,автобус,14,1611,4,TRUE
3_52,1,вечір/ніч,42,6.708203932499369,5,23,автобус,14,1611,4,FALSE
3_52,1,вечірній пік,37,10.36822067666386,5,23,автобус,14,1611,4,TRUE
3_52,1,день,44.44444444444444,6.227180564089801,9,23,автобус,14,1611,4,FALSE
3_52,1,ранковий пік,32.5,4.183300132670378,6,23,автобус,14,1611,4,TRUE
3_533,0,вечір/ніч,20.2,3.614784456460256,10,102А,автобус,41,4745,5,FALSE
3_533,0,вечірній пік,18.1,2.64365067451978,10,102А,автобус,41,4745,5,TRUE
3_533,0,день,22,6.298147875897061,19,102А,автобус,41,4745,5,FALSE
3_533,0,ранковий пік,15.75,1.6025547785276542,12,102А,автобус,41,4745,5,TRUE
3_533,1,вечір/ніч,20.454545454545453,2.9107949554592936,11,102А,автобус,41,4745,5,FALSE
3_533,1,вечірній пік,18.8,2.6583202716502514,10,102А,автобус,41,4745,5,TRUE
3_533,1,день,23.61111111111111,3.3455657903434424,18,102А,автобус,41,4745,5,FALSE
3_533,1,ранковий пік,15.818181818181818,2.891995221924885,11,102А,автобус,41,4745,5,TRUE
3_534,0,вечір/ніч,21.5,5.01663898109747,10,28т,автобус,49,6320,4,FALSE
3_534,0,вечірній пік,10.5625,2.5289984842489197,16,28т,автобус,49,6320,4,TRUE
3_534,0,день,17,4.262237284181474,25,28т,автобус,49,6320,4,FALSE
3_534,0,ранковий пік,11,5.202563470700445,16,28т,автобус,49,6320,4,TRUE
3_534,1,вечір/ніч,16.75,10.081808227835776,8,28т,автобус,49,6320,4,FALSE
3_534,1,вечірній пік,12.266666666666667,4.651676605063516,15,28т,автобус,49,6320,4,TRUE
3_534,1,день,16.346153846153847,7.205233140945865,26,28т,автобус,49,6320,4,FALSE
3_534,1,ранковий пік,11.0625,4.682858813445764,16,28т,автобус,49,6320,4,TRUE
3_538,0,вечір/ніч,25,NA,1,4т,автобус,NA,NA,4,FALSE
3_538,0,вечірній пік,18,7.164728420068226,10,4т,автобус,NA,NA,4,TRUE
3_538,0,день,21.5,9.192388155425117,2,4т,автобус,NA,NA,4,FALSE
3_538,0,ранковий пік,17,5.312459150169742,10,4т,автобус,NA,NA,4,TRUE
3_538,1,вечір/ніч,13.5,4.949747468305833,2,4т,автобус,NA,NA,4,FALSE
3_538,1,вечірній пік,16.363636363636363,4.69622672520668,11,4т,автобус,NA,NA,4,TRUE
3_538,1,день,24,NA,1,4т,автобус,NA,NA,4,FALSE
3_538,1,ранковий пік,16.818181818181817,6.940002619858033,11,4т,автобус,NA,NA,4,TRUE
3_543,0,вечір/ніч,41.25,4.645786621588784,4,50,автобус,26,3332,5,FALSE
3_543,0,вечірній пік,30.5,4.277849927241488,6,50,автобус,26,3332,5,TRUE
3_543,0,день,38.81818181818182,5.963525497860839,11,50,автобус,26,3332,5,FALSE
3_543,0,ранковий пік,32,4,5,50,автобус,26,3332,5,TRUE
3_543,1,вечір/ніч,40,7.702813338860896,4,50,автобус,26,3332,5,FALSE
3_543,1,вечірній пік,35,5,5,50,автобус,26,3332,5,TRUE
3_543,1,день,39.09090909090909,7.687061147858074,11,50,автобус,26,3332,5,FALSE
3_543,1,ранковий пік,29.166666666666668,2.3166067138525404,6,50,автобус,26,3332,5,TRUE
3_572,0,вечір/ніч,27.5,6.058052492344384,6,44,автобус,35,4501,6,FALSE
3_572,0,вечірній пік,25.714285714285715,3.4503277967117714,7,44,автобус,35,4501,6,TRUE
3_572,0,день,32.142857142857146,3.2547513873422944,14,44,автобус,35,4501,6,FALSE
3_572,0,ранковий пік,23.5,3.2093613071762426,6,44,автобус,35,4501,6,TRUE
3_572,1,вечір/ніч,32.333333333333336,8.71014733897577,6,44,автобус,35,4501,6,FALSE
3_572,1,вечірній пік,23.142857142857142,5.698788509515903,7,44,автобус,35,4501,6,TRUE
3_572,1,день,33.84615384615385,8.305080311132395,13,44,автобус,35,4501,6,FALSE
3_572,1,ранковий пік,21.75,2.052872551885702,8,44,автобус,35,4501,6,TRUE
3_59,0,вечір/ніч,31.833333333333332,4.490731195102493,6,27,автобус,10,1025,4,FALSE
3_59,0,вечірній пік,37.4,7.893034904268447,5,27,автобус,10,1025,4,TRUE
3_59,0,день,33.083333333333336,5.759708536396823,12,27,автобус,10,1025,4,FALSE
3_59,0,ранковий пік,31.666666666666668,3.8815804341359033,6,27,автобус,10,1025,4,TRUE
3_59,1,вечір/ніч,30.333333333333332,3.2659863237109037,6,27,автобус,10,1025,4,FALSE
3_59,1,вечірній пік,40,7.0710678118654755,5,27,автобус,10,1025,4,TRUE
3_59,1,день,32.69230769230769,5.633007121491079,13,27,автобус,10,1025,4,FALSE
3_59,1,ранковий пік,31.6,4.33589667773576,5,27,автобус,10,1025,4,TRUE
3_6,0,вечір/ніч,23.571428571428573,3.779644730092272,7,101,автобус,26,3879,7,FALSE
3_6,0,вечірній пік,26,11.090536506409418,7,101,автобус,26,3879,7,TRUE
3_6,0,день,25.470588235294116,5.745842486733598,17,101,автобус,26,3879,7,FALSE
3_6,0,ранковий пік,20,0,9,101,автобус,26,3879,7,TRUE
3_6,1,вечір/ніч,21.666666666666668,7.023769168568492,12,101,автобус,26,3879,7,FALSE
3_6,1,вечірній пік,23.125,3.720119045714225,8,101,автобус,26,3879,7,TRUE
3_6,1,день,25.9375,6.15866598109255,16,101,автобус,26,3879,7,FALSE
3_6,1,ранковий пік,20,2.5,9,101,автобус,26,3879,7,TRUE
3_60,0,вечір/ніч,35,8.660254037844387,3,28,автобус,5,509,2,FALSE
3_60,0,вечірній пік,30,0,5,28,автобус,5,509,2,TRUE
3_60,0,день,34.23076923076923,8.125616347431192,13,28,автобус,5,509,2,FALSE
3_60,0,ранковий пік,30,0,5,28,автобус,5,509,2,TRUE
3_60,1,вечір/ніч,35,8.660254037844387,3,28,автобус,5,509,2,FALSE
3_60,1,вечірній пік,30,0,5,28,автобус,5,509,2,TRUE
3_60,1,день,34.23076923076923,8.125616347431192,13,28,автобус,5,509,2,FALSE
3_60,1,ранковий пік,30,0,6,28,автобус,5,509,2,TRUE
3_608,0,вечір/ніч,44.5,6.658328118479393,4,36тр,автобус,21,2535,8,FALSE
3_608,0,вечірній пік,38.75,2.5,4,36тр,автобус,21,2535,8,TRUE
3_608,0,день,42.5,4.249182927993988,10,36тр,автобус,21,2535,8,FALSE
3_608,0,ранковий пік,35.4,2.8809720581775866,5,36тр,автобус,21,2535,8,TRUE
3_608,1,вечір/ніч,38.4,3.577708763999663,5,36тр,автобус,21,2535,8,FALSE
3_608,1,вечірній пік,42.5,6.454972243679028,4,36тр,автобус,21,2535,8,TRUE
3_608,1,день,41.81818181818182,4.045199174779453,11,36тр,автобус,21,2535,8,FALSE
3_608,1,ранковий пік,38.25,5.377421934967226,4,36тр,автобус,21,2535,8,TRUE
3_621,0,вечір/ніч,34.142857142857146,10.399175791516228,7,5т,автобус,14,1414,5,FALSE
3_621,0,вечірній пік,30.5,5.431390245600108,6,5т,автобус,14,1414,5,TRUE
3_621,0,день,32.916666666666664,12.109037446419427,12,5т,автобус,14,1414,5,FALSE
3_621,0,ранковий пік,29.666666666666668,2.0655911179772892,6,5т,автобус,14,1414,5,TRUE
3_621,1,вечір/ніч,33.285714285714285,12.07910435027208,7,5т,автобус,14,1414,5,FALSE
3_621,1,вечірній пік,30,0,5,5т,автобус,14,1414,5,TRUE
3_621,1,день,33.07692307692308,10.420025099630188,13,5т,автобус,14,1414,5,FALSE
3_621,1,ранковий пік,30.166666666666668,1.834847859269718,6,5т,автобус,14,1414,5,TRUE
3_624,0,вечір/ніч,17.307692307692307,7.295941970079616,13,35т,автобус,50,5989,3,FALSE
3_624,0,вечірній пік,10.222222222222221,3.6227314289822736,18,35т,автобус,50,5989,3,TRUE
3_624,0,день,14.206896551724139,3.8948620949805473,29,35т,автобус,50,5989,3,FALSE
3_624,0,ранковий пік,9.421052631578947,2.2190035169388835,19,35т,автобус,50,5989,3,TRUE
3_624,1,вечір/ніч,15,2.9848100289785457,12,35т,автобус,50,5989,3,FALSE
3_624,1,вечірній пік,10.875,2.3345235059857505,16,35т,автобус,50,5989,3,TRUE
3_624,1,день,16.307692307692307,0.8840466399113011,26,35т,автобус,50,5989,3,FALSE
3_624,1,ранковий пік,9.05,0.8870412083230167,20,35т,автобус,50,5989,3,TRUE
3_642,0,вечір/ніч,50,17.320508075688775,3,74,автобус,8,818,3,FALSE
3_642,0,вечірній пік,42,26.832815729997478,5,74,автобус,8,818,3,TRUE
3_642,0,день,48.75,15.52647508520297,8,74,автобус,8,818,3,FALSE
3_642,0,ранковий пік,37.5,15,4,74,автобус,8,818,3,TRUE
3_642,1,вечір/ніч,60,0,2,74,автобус,8,818,3,FALSE
3_642,1,вечірній пік,36,13.416407864998739,5,74,автобус,8,818,3,TRUE
3_642,1,день,56.25,10.606601717798213,8,74,автобус,8,818,3,FALSE
3_642,1,ранковий пік,30,0,5,74,автобус,8,818,3,TRUE
3_643,0,вечір/ніч,40,8.12403840463596,4,109,автобус,22,2237,4,FALSE
3_643,0,вечірній пік,29.285714285714285,2.8115408417381933,7,109,автобус,22,2237,4,TRUE
3_643,0,день,39.3,6.2012543533994435,10,109,автобус,22,2237,4,FALSE
3_643,0,ранковий пік,30.333333333333332,6.772493386240157,6,109,автобус,22,2237,4,TRUE
3_643,1,вечір/ніч,42.5,5,4,109,автобус,22,2237,4,FALSE
3_643,1,вечірній пік,30.2,5.167204273105526,5,109,автобус,22,2237,4,TRUE
3_643,1,день,38.54545454545455,7.724812442559837,11,109,автобус,22,2237,4,FALSE
3_643,1,ранковий пік,27.857142857142858,4.59813626840888,7,109,автобус,22,2237,4,TRUE
3_65,0,вечір/ніч,40,0,5,30,автобус,21,2155,6,FALSE
3_65,0,вечірній пік,23.571428571428573,4.7559486560567095,7,30,автобус,21,2155,6,TRUE
3_65,0,день,31.785714285714285,9.116161231812193,14,30,автобус,21,2155,6,FALSE
3_65,0,ранковий пік,20,0,8,30,автобус,21,2155,6,TRUE
3_65,1,вечір/ніч,35,10,4,30,автобус,21,2155,6,FALSE
3_65,1,вечірній пік,26.428571428571427,7.480132415430956,7,30,автобус,21,2155,6,TRUE
3_65,1,день,33.46153846153846,8.987170342729172,13,30,автобус,21,2155,6,FALSE
3_65,1,ранковий пік,21.25,3.5355339059327378,8,30,автобус,21,2155,6,TRUE
3_655,0,вечір/ніч,65,8.660254037844387,3,40,автобус,19,1903,3,FALSE
3_655,0,вечірній пік,33.333333333333336,6.3456021516217564,6,40,автобус,19,1903,3,TRUE
3_655,0,день,50.625,13.99936223037117,8,40,автобус,19,1903,3,FALSE
3_655,0,ранковий пік,38,15.652475842498529,5,40,автобус,19,1903,3,TRUE
3_655,1,вечір/ніч,65,8.660254037844387,3,40,автобус,19,1903,3,FALSE
3_655,1,вечірній пік,31,2.23606797749979,5,40,автобус,19,1903,3,TRUE
3_655,1,день,51.875,12.799972098183876,8,40,автобус,19,1903,3,FALSE
3_655,1,ранковий пік,32,4.47213595499958,5,40,автобус,19,1903,3,TRUE
3_656,0,день,64.16666666666667,10.833589740555375,6,120,автобус,8,823,3,FALSE
3_656,0,ранковий пік,60,NA,1,120,автобус,8,823,3,TRUE
3_656,1,день,65.8,10.779610382569492,5,120,автобус,8,823,3,FALSE
3_656,1,ранковий пік,58,2.8284271247461903,2,120,автобус,8,823,3,TRUE
3_663,0,вечір/ніч,33,8.455767262643882,5,112,автобус,18,1833,5,FALSE
3_663,0,вечірній пік,24.285714285714285,5.3452248382484875,7,112,автобус,18,1833,5,TRUE
3_663,0,день,35.416666666666664,2.778434265858556,12,112,автобус,18,1833,5,FALSE
3_663,0,ранковий пік,26.142857142857142,6.06708528121402,7,112,автобус,18,1833,5,TRUE
3_663,1,вечір/ніч,35.8,3.1144823004794873,5,112,автобус,18,1833,5,FALSE
3_663,1,вечірній пік,23.285714285714285,5.056820005836531,7,112,автобус,18,1833,5,TRUE
3_663,1,день,35.25,3.7203372281164366,12,112,автобус,18,1833,5,FALSE
3_663,1,ранковий пік,25.428571428571427,5.061526214398936,7,112,автобус,18,1833,5,TRUE
3_67,0,вечір/ніч,35,6.324555320336759,6,31,автобус,11,1126,3,FALSE
3_67,0,вечірній пік,32,4.47213595499958,5,31,автобус,11,1126,3,TRUE
3_67,0,день,31.923076923076923,4.803844614152614,13,31,автобус,11,1126,3,FALSE
3_67,0,ранковий пік,31.666666666666668,4.0824829046386295,6,31,автобус,11,1126,3,TRUE
3_67,1,вечір/ніч,32.5,4.183300132670378,6,31,автобус,11,1126,3,FALSE
3_67,1,вечірній пік,35,7.0710678118654755,5,31,автобус,11,1126,3,TRUE
3_67,1,день,30.76923076923077,2.7735009811261446,13,31,автобус,11,1126,3,FALSE
3_67,1,ранковий пік,34.166666666666664,6.645800679125629,6,31,автобус,11,1126,3,TRUE
3_68,0,вечір/ніч,36.666666666666664,4.08248290463863,6,32,автобус,12,1217,5,FALSE
3_68,0,вечірній пік,45.5,7.14142842854285,4,32,автобус,12,1217,5,TRUE
3_68,0,день,38.45454545454545,6.517110346827594,11,32,автобус,12,1217,5,FALSE
3_68,0,ранковий пік,35,0.7071067811865476,5,32,автобус,12,1217,5,TRUE
3_68,1,вечір/ніч,35.833333333333336,2.041241452319315,6,32,автобус,12,1217,5,FALSE
3_68,1,вечірній пік,46.75,4.716990566028302,4,32,автобус,12,1217,5,TRUE
3_68,1,день,37.09090909090909,5.318919917700311,11,32,автобус,12,1217,5,FALSE
3_68,1,ранковий пік,38,6.745368781616021,5,32,автобус,12,1217,5,TRUE
3_69,0,вечір/ніч,44.8,11.077003204838391,5,33,автобус,13,1644,3,FALSE
3_69,0,вечірній пік,25,11.789826122551595,7,33,автобус,13,1644,3,TRUE
3_69,0,день,33.46153846153846,13.445044840729642,13,33,автобус,13,1644,3,FALSE
3_69,0,ранковий пік,25.142857142857142,0.37796447300922714,7,33,автобус,13,1644,3,TRUE
3_69,1,вечір/ніч,50,0,4,33,автобус,13,1644,3,FALSE
3_69,1,вечірній пік,25,12.915107432770352,6,33,автобус,13,1644,3,TRUE
3_69,1,день,32.30769230769231,13.480755514093758,13,33,автобус,13,1644,3,FALSE
3_69,1,ранковий пік,27.142857142857142,5.669467095138408,7,33,автобус,13,1644,3,TRUE
3_71,0,вечір/ніч,30.833333333333332,6.645800679125628,6,35,автобус,26,2666,6,FALSE
3_71,0,вечірній пік,25.714285714285715,4.4986770542121866,7,35,автобус,26,2666,6,TRUE
3_71,0,день,35.416666666666664,10.75730900224108,12,35,автобус,26,2666,6,FALSE
3_71,0,ранковий пік,25.714285714285715,6.8729975438737965,7,35,автобус,26,2666,6,TRUE
3_71,1,вечір/ніч,32.714285714285715,6.047431568147636,7,35,автобус,26,2666,6,FALSE
3_71,1,вечірній пік,25.714285714285715,4.4986770542121874,7,35,автобус,26,2666,6,TRUE
3_71,1,день,37.5,5,12,35,автобус,26,2666,6,FALSE
3_71,1,ранковий пік,24.333333333333332,10.01332445627658,6,35,автобус,26,2666,6,TRUE
3_719,0,вечір/ніч,33,2.9664793948382653,6,37Д,автобус,30,3723,5,FALSE
3_719,0,вечірній пік,29.666666666666668,2.5819888974716108,6,37Д,автобус,30,3723,5,TRUE
3_719,0,день,32.46153846153846,8.058281295406449,13,37Д,автобус,30,3723,5,FALSE
3_719,0,ранковий пік,26.714285714285715,4.535573676110726,7,37Д,автобус,30,3723,5,TRUE
3_719,1,вечір/ніч,33,1.5811388300841898,5,37Д,автобус,30,3723,5,FALSE
3_719,1,вечірній пік,29.166666666666668,2.041241452319315,6,37Д,автобус,30,3723,5,TRUE
3_719,1,день,35.333333333333336,4.2923469599092785,12,37Д,автобус,30,3723,5,FALSE
3_719,1,ранковий пік,25.857142857142858,2.2677868380553634,7,37Д,автобус,30,3723,5,TRUE
3_72,0,вечір/ніч,51.25,16.00781059358212,4,36,автобус,12,1221,2,FALSE
3_72,0,вечірній пік,40,0,3,36,автобус,12,1221,2,TRUE
3_72,0,день,46.666666666666664,13.46291201783626,9,36,автобус,12,1221,2,FALSE
3_72,0,ранковий пік,46.25,12.5,4,36,автобус,12,1221,2,TRUE
3_72,1,вечір/ніч,52.5,15.545631755148024,4,36,автобус,12,1221,2,FALSE
3_72,1,вечірній пік,46.25,12.5,4,36,автобус,12,1221,2,TRUE
3_72,1,день,46.666666666666664,13.462912017836258,9,36,автобус,12,1221,2,FALSE
3_72,1,ранковий пік,40,0,4,36,автобус,12,1221,2,TRUE
3_73,0,вечір/ніч,25,7.632168761236874,9,37,автобус,14,2121,5,FALSE
3_73,0,вечірній пік,18.88888888888889,4.6218082079540155,9,37,автобус,14,2121,5,TRUE
3_73,0,день,27,6.97614984548545,16,37,автобус,14,2121,5,FALSE
3_73,0,ранковий пік,17.1,1.7919573407620815,10,37,автобус,14,2121,5,TRUE
3_73,1,вечір/ніч,25.444444444444443,7.954733042521149,9,37,автобус,14,2121,5,FALSE
3_73,1,вечірній пік,18.444444444444443,3.6780127484523186,9,37,автобус,14,2121,5,TRUE
3_73,1,день,28.066666666666666,9.330952077181978,15,37,автобус,14,2121,5,FALSE
3_73,1,ранковий пік,16.727272727272727,1.0090499582190258,11,37,автобус,14,2121,5,TRUE
3_742,0,вечір/ніч,20.81818181818182,11.530985923312732,11,22тк,автобус,22,2309,3,FALSE
3_742,0,вечірній пік,18.75,7.106335201775948,8,22тк,автобус,22,2309,3,TRUE
3_742,0,день,19.31818181818182,7.193822506225898,22,22тк,автобус,22,2309,3,FALSE
3_742,0,ранковий пік,16.636363636363637,5.835627254592728,11,22тк,автобус,22,2309,3,TRUE
3_742,1,вечір/ніч,17.166666666666668,3.537676004830221,12,22тк,автобус,22,2309,3,FALSE
3_742,1,вечірній пік,22,13.804761083460612,8,22тк,автобус,22,2309,3,TRUE
3_742,1,день,19.695652173913043,7.2452792317649894,23,22тк,автобус,22,2309,3,FALSE
3_742,1,ранковий пік,16.88888888888889,6.546839780467452,9,22тк,автобус,22,2309,3,TRUE
3_743,0,вечір/ніч,25.625,3.6228441865473595,8,118д,автобус,28,2944,7,FALSE
3_743,0,вечірній пік,24,6.4031242374328485,7,118д,автобус,28,2944,7,TRUE
3_743,0,день,28.93333333333333,8.267549876014112,15,118д,автобус,28,2944,7,FALSE
3_743,0,ранковий пік,21.625,4.596194077712559,8,118д,автобус,28,2944,7,TRUE
3_743,1,вечір/ніч,26.125,5.566160513059505,8,118д,автобус,28,2944,7,FALSE
3_743,1,вечірній пік,26.142857142857142,1.7728105208558367,7,118д,автобус,28,2944,7,TRUE
3_743,1,день,30,2.8010986855435576,14,118д,автобус,28,2944,7,FALSE
3_743,1,ранковий пік,21.625,7.595816517756901,8,118д,автобус,28,2944,7,TRUE
3_744,0,вечір/ніч,33.75,12.747548783981962,8,70Д,автобус,9,1061,5,FALSE
3_744,0,вечірній пік,37.5,15,4,70Д,автобус,9,1061,5,TRUE
3_744,0,день,35,17.320508075688775,12,70Д,автобус,9,1061,5,FALSE
3_744,0,ранковий пік,30,0,5,70Д,автобус,9,1061,5,TRUE
3_744,1,вечір/ніч,37,15.652475842498529,5,70Д,автобус,9,1061,5,FALSE
3_744,1,вечірній пік,37.5,15,4,70Д,автобус,9,1061,5,TRUE
3_744,1,день,35,17.320508075688775,12,70Д,автобус,9,1061,5,FALSE
3_744,1,ранковий пік,30,0,6,70Д,автобус,9,1061,5,TRUE
3_75,0,вечір/ніч,43,15.556349186104045,5,37а,автобус,7,939,4,FALSE
3_75,0,вечірній пік,35,7.0710678118654755,5,37а,автобус,7,939,4,TRUE
3_75,0,день,56.42857142857143,14.351041110399656,7,37а,автобус,7,939,4,FALSE
3_75,0,ранковий пік,32.5,6.123724356957945,6,37а,автобус,7,939,4,TRUE
3_75,1,вечір/ніч,45,15.253414918196734,4,37а,автобус,7,939,4,FALSE
3_75,1,вечірній пік,34.166666666666664,6.645800679125629,6,37а,автобус,7,939,4,TRUE
3_75,1,день,57.857142857142854,18.224786888818677,7,37а,автобус,7,939,4,FALSE
3_75,1,ранковий пік,31.666666666666668,5.163977794943222,6,37а,автобус,7,939,4,TRUE
3_77,0,вечір/ніч,23.857142857142858,5.367450401216932,7,38,автобус,43,4900,5,FALSE
3_77,0,вечірній пік,19.88888888888889,4.314059701848262,9,38,автобус,43,4900,5,TRUE
3_77,0,день,24.470588235294116,4.887709676561502,17,38,автобус,43,4900,5,FALSE
3_77,0,ранковий пік,18,4.944132324730441,10,38,автобус,43,4900,5,TRUE
3_77,1,вечір/ніч,26.625,4.240535680446853,8,38,автобус,43,4900,5,FALSE
3_77,1,вечірній пік,20,2.7838821814150108,9,38,автобус,43,4900,5,TRUE
3_77,1,день,25.41176470588235,4.500816919313256,17,38,автобус,43,4900,5,FALSE
3_77,1,ранковий пік,17,1.8257418583505538,10,38,автобус,43,4900,5,TRUE
3_8,0,вечір/ніч,41.5,1.2909944487358056,4,103,автобус,13,1445,3,FALSE
3_8,0,вечірній пік,34,7.314369419163897,5,103,автобус,13,1445,3,TRUE
3_8,0,день,44.9,5.087020520675907,10,103,автобус,13,1445,3,FALSE
3_8,0,ранковий пік,31.4,4.219004621945797,5,103,автобус,13,1445,3,TRUE
3_8,1,вечір/ніч,44.25,17.44276354251241,4,103,автобус,13,1445,3,FALSE
3_8,1,вечірній пік,28.6,0.5477225575051661,5,103,автобус,13,1445,3,TRUE
3_8,1,день,45.6,5.274677451960662,10,103,автобус,13,1445,3,FALSE
3_8,1,ранковий пік,32.8,9.628083921528727,5,103,автобус,13,1445,3,TRUE
3_81,0,вечір/ніч,44.5,0.7071067811865476,2,39,автобус,4,418,4,FALSE
3_81,0,вечірній пік,57,11.532562594670797,3,39,автобус,4,418,4,TRUE
3_81,0,день,48.333333333333336,8.689073598491385,9,39,автобус,4,418,4,FALSE
3_81,0,ранковий пік,43.75,0.5,4,39,автобус,4,418,4,TRUE
3_81,1,вечір/ніч,44.333333333333336,0.5773502691896257,3,39,автобус,4,418,4,FALSE
3_81,1,вечірній пік,57,11.532562594670797,3,39,автобус,4,418,4,TRUE
3_81,1,день,48.333333333333336,8.689073598491385,9,39,автобус,4,418,4,FALSE
3_81,1,ранковий пік,44,0,4,39,автобус,4,418,4,TRUE
3_86,0,вечір/ніч,57.5,16.583123951777,4,41,автобус,9,888,3,FALSE
3_86,0,вечірній пік,40,9.128709291752768,4,41,автобус,9,888,3,TRUE
3_86,0,день,59.285714285714285,22.9906813420444,7,41,автобус,9,888,3,FALSE
3_86,0,ранковий пік,38,6.708203932499369,5,41,автобус,9,888,3,TRUE
3_86,1,вечір/ніч,70,0,2,41,автобус,9,888,3,FALSE
3_86,1,вечірній пік,45,12.24744871391589,4,41,автобус,9,888,3,TRUE
3_86,1,день,59.285714285714285,22.9906813420444,7,41,автобус,9,888,3,FALSE
3_86,1,ранковий пік,38,6.708203932499369,5,41,автобус,9,888,3,TRUE
3_87,0,вечір/ніч,27.571428571428573,14.466710555123244,7,42,автобус,25,2570,7,FALSE
3_87,0,вечірній пік,24.5,1.6903085094570331,8,42,автобус,25,2570,7,TRUE
3_87,0,день,28.857142857142854,15.286279130983107,14,42,автобус,25,2570,7,FALSE
3_87,0,ранковий пік,23.375,1.0606601717798212,8,42,автобус,25,2570,7,TRUE
3_87,1,вечір/ніч,28.11111111111111,11.461287497969463,9,42,автобус,25,2570,7,FALSE
3_87,1,вечірній пік,26,4.69041575982343,6,42,автобус,25,2570,7,TRUE
3_87,1,день,29.333333333333332,8.901578244226988,15,42,автобус,25,2570,7,FALSE
3_87,1,ранковий пік,27,6.2289646009589745,6,42,автобус,25,2570,7,TRUE
3_89,0,вечір/ніч,40,13.982131454109563,5,43,автобус,11,1411,5,FALSE
3_89,0,вечірній пік,30.666666666666668,4.96655480858378,6,43,автобус,11,1411,5,TRUE
3_89,0,день,39.8,15.647506013561536,10,43,автобус,11,1411,5,FALSE
3_89,0,ранковий пік,31.333333333333332,5.645056834671079,6,43,автобус,11,1411,5,TRUE
3_89,1,вечір/ніч,43.75,13.149778198382917,4,43,автобус,11,1411,5,FALSE
3_89,1,вечірній пік,30,5.477225575051661,6,43,автобус,11,1411,5,TRUE
3_89,1,день,41.5,13.133925536563698,10,43,автобус,11,1411,5,FALSE
3_89,1,ранковий пік,28.333333333333332,8.16496580927726,6,43,автобус,11,1411,5,TRUE
3_9,0,вечір/ніч,22.3,2.8693785622209793,10,104,автобус,28,3652,4,FALSE
3_9,0,вечірній пік,15.636363636363637,2.6181186861075365,11,104,автобус,28,3652,4,TRUE
3_9,0,день,21.55,5.083254241547489,20,104,автобус,28,3652,4,FALSE
3_9,0,ранковий пік,14.153846153846153,4.355956723196291,13,104,автобус,28,3652,4,TRUE
3_9,1,вечір/ніч,21.5,4.196559437338057,10,104,автобус,28,3652,4,FALSE
3_9,1,вечірній пік,15.090909090909092,1.513574937328539,11,104,автобус,28,3652,4,TRUE
3_9,1,день,22.210526315789473,4.601677802333756,19,104,автобус,28,3652,4,FALSE
3_9,1,ранковий пік,14,4.041451884327381,13,104,автобус,28,3652,4,TRUE
3_90,0,вечір/ніч,30,6.324555320336759,6,43к,автобус,6,790,4,FALSE
3_90,0,вечірній пік,36,11.40175425099138,5,43к,автобус,6,790,4,TRUE
3_90,0,день,27.5,11.183320914051723,16,43к,автобус,6,790,4,FALSE
3_90,0,ранковий пік,29,2.23606797749979,5,43к,автобус,6,790,4,TRUE
3_90,1,вечір/ніч,30,6.324555320336759,6,43к,автобус,6,790,4,FALSE
3_90,1,вечірній пік,35,11.726039399558575,5,43к,автобус,6,790,4,TRUE
3_90,1,день,30,3.922322702763681,14,43к,автобус,6,790,4,FALSE
3_90,1,ранковий пік,34,11.937336386313323,5,43к,автобус,6,790,4,TRUE
3_93,0,вечір/ніч,34.714285714285715,6.369570517030845,7,45,автобус,18,2230,6,FALSE
3_93,0,вечірній пік,30,3.8987177379235853,6,45,автобус,18,2230,6,TRUE
3_93,0,день,32.69230769230769,8.567230351603481,13,45,автобус,18,2230,6,FALSE
3_93,0,ранковий пік,25.833333333333332,7.626707459098367,6,45,автобус,18,2230,6,TRUE
3_93,1,вечір/ніч,35,0,6,45,автобус,18,2230,6,FALSE
3_93,1,вечірній пік,31.5,3.8858718455450894,6,45,автобус,18,2230,6,TRUE
3_93,1,день,34.25,2.598076211353316,12,45,автобус,18,2230,6,FALSE
3_93,1,ранковий пік,32.5,5.540758070878027,6,45,автобус,18,2230,6,TRUE
3_96,0,вечір/ніч,22.5,4.949747468305833,10,46,автобус,25,3183,4,FALSE
3_96,0,вечірній пік,24.285714285714285,3.450327796711771,7,46,автобус,25,3183,4,TRUE
3_96,0,день,22.88888888888889,4.6638647050410995,18,46,автобус,25,3183,4,FALSE
3_96,0,ранковий пік,19.77777777777778,1.481365736219265,9,46,автобус,25,3183,4,TRUE
3_96,1,вечір/ніч,21,2.1081851067789197,10,46,автобус,25,3183,4,FALSE
3_96,1,вечірній пік,25.714285714285715,5.3452248382484875,7,46,автобус,25,3183,4,TRUE
3_96,1,день,22.77777777777778,4.194612168226052,18,46,автобус,25,3183,4,FALSE
3_96,1,ранковий пік,20.555555555555557,1.6666666666666667,9,46,автобус,25,3183,4,TRUE
3_98,0,вечір/ніч,60,0,3,47,автобус,17,1727,5,FALSE
3_98,0,вечірній пік,32.5,6.4031242374328485,4,47,автобус,17,1727,5,TRUE
3_98,0,день,48.888888888888886,17.460272366464135,9,47,автобус,17,1727,5,FALSE
3_98,0,ранковий пік,30,0,6,47,автобус,17,1727,5,TRUE
3_98,1,вечір/ніч,50,17.320508075688775,3,47,автобус,17,1727,5,FALSE
3_98,1,вечірній пік,40,14.696938456699069,4,47,автобус,17,1727,5,TRUE
3_98,1,день,48.888888888888886,17.460272366464135,9,47,автобус,17,1727,5,FALSE
3_98,1,ранковий пік,30,0,6,47,автобус,17,1727,5,TRUE
3_99,0,вечір/ніч,15.76923076923077,2.773500981126145,13,48,автобус,11,1111,3,FALSE
3_99,0,вечірній пік,18.5,9.44281031614353,10,48,автобус,11,1111,3,TRUE
3_99,0,день,18.913043478260867,9.287885773112592,23,48,автобус,11,1111,3,FALSE
3_99,0,ранковий пік,15,0,11,48,автобус,11,1111,3,TRUE
3_99,1,вечір/ніч,15.714285714285714,1.815682598006407,14,48,автобус,11,1111,3,FALSE
3_99,1,вечірній пік,18.88888888888889,9.930312739844155,9,48,автобус,11,1111,3,TRUE
3_99,1,день,18.75,8.50191794218529,24,48,автобус,11,1111,3,FALSE
3_99,1,ранковий пік,15,0,10,48,автобус,11,1111,3,TRUE
